sido,sigungu,name,type,longitude,latitude
서울,중구,을지,지구대,127.0001542,37.5630603
서울,중구,광희,지구대,127.0134024,37.5652621
서울,중구,약수,지구대,127.012387,37.5521435
서울,중구,신당,파출소,127.0163822,37.5650437
서울,중구,장충,파출소,127.004807,37.5587566
서울,중구,충무,파출소,126.9915813,37.5608699
서울,중구,을지로3가,파출소,126.9928564,37.5662059
서울,종로구,종로2가,지구대,126.988927,37.5705063
서울,종로구,관수,파출소,126.986359,37.5687093
서울,종로구,세검정,파출소,126.9584492,37.6000475
서울,종로구,평창,파출소,126.9666215,37.6052552
서울,종로구,삼청,파출소,126.9814642,37.5823448
서울,종로구,통의,파출소,126.9740116,37.576775
서울,종로구,청운,파출소,126.9705805,37.5842327
서울,종로구,옥인,파출소,126.9694297,37.5814745
서울,종로구,교남,파출소,126.9622046,37.5718152
서울,중구,세종로,파출소,126.9764169,37.5689478
서울,종로구,신문로,파출소,126.9722374,37.5707767
서울,종로구,사직,파출소,126.9690445,37.5765695
서울,종로구,청진,파출소,126.9826675,37.5729574
서울,중구,태평로,파출소,126.9799955,37.5680057
서울,중구,서울역,파출소,126.9716699,37.5568868
서울,중구,명동,파출소,126.9839611,37.5635708
서울,중구,남대문,파출소,126.9763943,37.5590182
서울,중구,중림,파출소,126.9671175,37.5578922
서울,중구,회현,파출소,126.9787111,37.5584436
서울,중구,서소문,파출소,126.9754795,37.5638308
서울,서대문구,충정로,지구대,126.9610995,37.5698773
서울,서대문구,신촌,지구대,126.9430116,37.5585619
서울,서대문구,홍은,파출소,126.9464225,37.5952284
서울,서대문구,연희,파출소,126.9328503,37.570283
서울,서대문구,남가좌,파출소,126.9240509,37.5760509
서울,서대문구,북가좌,파출소,126.9105701,37.5813244
서울,서대문구,홍제,파출소,126.9445744,37.5881748
서울,서대문구,홍은2,파출소,126.9362153,37.5836036
서울,종로구,혜화,파출소,127.0013753,37.586047
서울,종로구,대학로,파출소,127.0060488,37.5785899
서울,종로구,명륜,파출소,126.9975956,37.5892767
서울,종로구,창신,파출소,127.0135448,37.5784906
서울,종로구,동묘,파출소,127.0171418,37.5727089
서울,종로구,덕산,파출소,127.0093424,37.5743827
서울,종로구,종로5가,파출소,127.0016248,37.5707586
서울,종로구,효제,파출소,127.0048673,37.5729394
서울,용산구,원효,지구대,126.9658669,37.5386351
서울,용산구,용중,지구대,126.9784871,37.549152
서울,용산구,이태원,파출소,126.9943727,37.5342319
서울,용산구,한남,파출소,127.0063512,37.5310986
서울,용산구,보광,파출소,127.0002436,37.526713
서울,용산구,삼각지,파출소,126.974716,37.5361173
서울,용산구,한강로,지구대,126.9706677,37.5244136
서울,성북구,돈암,지구대,127.0124017,37.5973217
서울,성북구,안암,지구대,127.0166068,37.5867065
서울,성북구,길음,지구대,127.0193054,37.6105704
서울,성북구,정릉,파출소,127.0086197,37.6160675
서울,성북구,정릉2,파출소,127.0107204,37.6045609
서울,성북구,성북,파출소,126.9984705,37.5932758
서울,동대문구,답십리,지구대,127.0510647,37.5712925
서울,동대문구,용신,지구대,127.0372112,37.5728472
서울,동대문구,청량리,파출소,127.0449934,37.5839842
서울,동대문구,제기,파출소,127.0420291,37.5855821
서울,동대문구,전농1,파출소,127.0479242,37.5761148
서울,동대문구,전농2,파출소,127.0542589,37.5863565
서울,동대문구,장안1,파출소,127.064998,37.5696376
서울,동대문구,장안2,파출소,127.0743957,37.5767939
서울,동대문구,이문,지구대,127.0681374,37.5965855
서울,동대문구,휘경,파출소,127.068026,37.5846369
서울,동대문구,회기,파출소,127.0518439,37.5910765
서울,마포구,서강,지구대,126.9293073,37.5473377
서울,마포구,공덕,지구대,126.9540507,37.5518123
서울,마포구,월드컵,지구대,126.9090223,37.5686867
서울,마포구,홍익,지구대,126.9134099,37.5518508
서울,마포구,용강,지구대,126.9430791,37.5425601
서울,마포구,상암,파출소,126.8938477,37.5782856
서울,마포구,망원,파출소,126.9027465,37.5543381
서울,마포구,연남,파출소,126.9237563,37.5603342
서울,영등포구,중앙,지구대,126.9075207,37.5180166
서울,영등포구,여의도,지구대,126.9266868,37.5296265
서울,영등포구,문래,지구대,126.897665,37.513591
서울,영등포구,신풍,지구대,126.9128064,37.4990985
서울,영등포구,신길,지구대,126.9265408,37.512965
서울,영등포구,양평,파출소,126.8896909,37.5227249
서울,영등포구,당산,지구대,126.9012626,37.5336096
서울,영등포구,대림,지구대,126.8987078,37.4934265
서울,영등포구,대림3,파출소,126.8966358,37.4989846
서울,영등포구,영등포역,파출소,126.9088697,37.5154881
서울,성동구,한양,지구대,127.0417539,37.5602336
서울,성동구,성수,지구대,127.0552502,37.5482233
서울,성동구,서울숲,지구대,127.0522781,37.5380537
서울,성동구,왕십리,파출소,127.0326611,37.5666649
서울,성동구,행당,파출소,127.028853,37.557434
서울,성동구,옥수,파출소,127.0143412,37.5438342
서울,성동구,금호,파출소,127.0195728,37.5547894
서울,성동구,응봉,파출소,127.0300272,37.5498029
서울,성동구,용답,파출소,127.0517589,37.5647475
서울,동작구,사당,지구대,126.9792715,37.4807875
서울,동작구,노량진,지구대,126.9333082,37.5111521
서울,동작구,상도,지구대,126.9361987,37.5059341
서울,동작구,남성,지구대,126.9732673,37.4841234
서울,동작구,흑석,지구대,126.9601298,37.5093099
서울,동작구,신대방,지구대,126.9059648,37.486655
서울,동작구,대방,파출소,126.9205834,37.4985751
서울,광진구,광나루,지구대,127.1033239,37.5444624
서울,광진구,화양,지구대,127.0713533,37.5464589
서울,광진구,중곡1,파출소,127.0827865,37.5637221
서울,광진구,중곡2,파출소,127.0815157,37.5602793
서울,광진구,중곡3,파출소,127.0801657,37.5688197
서울,광진구,중곡4,파출소,127.0872716,37.5653517
서울,광진구,자양,파출소,127.0716114,37.5338552
서울,광진구,자양1,파출소,127.0769179,37.536618
서울,광진구,자양4,파출소,127.0636519,37.535189
서울,광진구,구의,파출소,127.090872,37.5457187
서울,은평구,응암,지구대,126.9264458,37.6016349
서울,은평구,신사,지구대,126.9053776,37.5918634
서울,은평구,녹번,파출소,126.9257082,37.6064667
서울,은평구,응암3,파출소,126.9175469,37.590525
서울,은평구,역촌,파출소,126.9150668,37.6045853
서울,강북구,미아,지구대,127.0282643,37.6201594
서울,강북구,솔샘,지구대,127.0304324,37.6163208
서울,강북구,수유1,파출소,127.0175799,37.630667
서울,강북구,수유2,파출소,127.0171161,37.6409349
서울,강북구,수유3,파출소,127.0266122,37.6443384
서울,강북구,인수,파출소,127.0123995,37.6394448
서울,강북구,번동,파출소,127.0325903,37.635981
서울,강북구,번3,파출소,127.0481341,37.6236281
서울,강북구,삼양,파출소,127.0181897,37.6247884
서울,금천구,금천,파출소,126.8998477,37.4542507
서울,금천구,문성,지구대,126.903456,37.4695389
서울,금천구,백산,지구대,126.9125981,37.4510438
서울,금천구,가산,파출소,126.8880305,37.4798469
서울,금천구,독산,파출소,126.8944207,37.4674184
서울,중랑구,망우,지구대,127.0956253,37.5990519
서울,중랑구,중화,지구대,127.0722081,37.5979872
서울,중랑구,용마,지구대,127.0805006,37.5802475
서울,중랑구,봉화,지구대,127.0955146,37.6147382
서울,중랑구,면목본동,파출소,127.0938664,37.5881449
서울,중랑구,면목삼팔,파출소,127.0841552,37.5832043
서울,중랑구,상봉,파출소,127.0728238,37.5912612
서울,중랑구,먹골,파출소,127.0815273,37.6146211
서울,강남구,역삼,지구대,127.0410264,37.5083455
서울,강남구,논현1,파출소,127.0293274,37.5138634
서울,강남구,논현2,파출소,127.0338461,37.515207
서울,강남구,삼성1,파출소,127.0605457,37.5149088
서울,강남구,삼성2,파출소,127.0433165,37.5123557
서울,강남구,청담,파출소,127.0531015,37.5212558
서울,강남구,신사,파출소,127.0241333,37.5183709
서울,강남구,압구정,파출소,127.0356323,37.52935
서울,관악구,당곡,지구대,126.9343894,37.4860138
서울,관악구,낙성대,지구대,126.9575863,37.4782915
서울,관악구,신림,지구대,126.9333325,37.4840039
서울,관악구,관악산,지구대,126.935263,37.4738575
서울,관악구,구암,지구대,126.9450393,37.4893441
서울,관악구,남현,파출소,126.9778639,37.4745581
서울,관악구,난우,파출소,126.9192456,37.4611245
서울,관악구,미성,파출소,126.915617,37.4799141
서울,관악구,신사,지구대,126.9142099,37.4872987
서울,강서구,화곡,지구대,126.8500975,37.5513683
서울,강서구,공항,지구대,126.8082755,37.5623695
서울,강서구,까치산,지구대,126.8455594,37.5293479
서울,강서구,가양,지구대,126.8501348,37.5592526
서울,강서구,곰달래,지구대,126.8631324,37.5328972
서울,강서구,방화3,파출소,126.8146997,37.5798149
서울,강서구,염창,지구대,126.8715715,37.555513
서울,강서구,등촌2,파출소,126.8618654,37.5447967
서울,강서구,발산,지구대,126.8260456,37.5494016
서울,강서구,화곡3,파출소,126.8351726,37.5446715
서울,강서구,마곡,지구대,126.8242262,37.5672418
서울,강동구,천호,지구대,127.1207845,37.5425753
서울,강동구,길동,지구대,127.1391881,37.5294474
서울,강동구,성내,지구대,127.1263674,37.5286414
서울,강동구,암사,지구대,127.1407739,37.5549317
서울,강동구,둔촌,파출소,127.1409229,37.5232067
서울,강동구,명일,파출소,127.1560902,37.5536455
서울,강동구,강일,파출소,127.1732257,37.5648677
서울,강동구,고덕,파출소,127.1517026,37.5573174
서울,강동구,상일,파출소,127.1658401,37.5562107
서울,성북구,석관,파출소,127.0552194,37.6088991
서울,성북구,장위,지구대,127.0537944,37.6194658
서울,성북구,월곡,지구대,127.0324326,37.6044436
서울,성북구,종암,파출소,127.0312655,37.600118
서울,구로구,신구로,지구대,126.8838979,37.5022709
서울,구로구,오류,지구대,126.8388425,37.4948085
서울,구로구,구일,지구대,126.8907179,37.489261
서울,구로구,고척,지구대,126.8583168,37.5066307
서울,구로구,개봉,지구대,126.8564502,37.4918266
서울,구로구,구로3,파출소,126.8914008,37.4866634
서울,구로구,가리봉,파출소,126.8926529,37.4792055
서울,구로구,천왕,파출소,126.8425625,37.4838523
서울,서초구,반포,지구대,127.0051915,37.5059677
서울,서초구,서초2,파출소,127.0289785,37.4875319
서울,서초구,서초3,파출소,127.0310604,37.4883059
서울,서초구,양재,파출소,127.0378594,37.484541
서울,서초구,서초,파출소,127.0167503,37.4852953
서울,서초구,우면,파출소,127.0160021,37.4561219
서울,서초구,내곡,파출소,127.0647993,37.4550134
서울,양천구,목1,지구대,126.8784636,37.5351432
서울,양천구,목2,지구대,126.8623784,37.5445493
서울,양천구,신정1,지구대,126.8607895,37.5203052
서울,양천구,신정2,지구대,126.8635664,37.5244317
서울,양천구,신월2,지구대,126.8343941,37.5205342
서울,양천구,신월1,파출소,126.8322462,37.5320552
서울,양천구,신정3,파출소,126.8549894,37.514915
서울,양천구,신월5,파출소,126.8306883,37.5390768
서울,송파구,방이,지구대,127.1257448,37.5102463
서울,송파구,잠실,지구대,127.0821631,37.5120963
서울,송파구,삼전,지구대,127.0927628,37.502672
서울,송파구,가락,지구대,127.1253087,37.498187
서울,송파구,문정,지구대,127.1269208,37.4782224
서울,송파구,마천,파출소,127.1482119,37.4970298
서울,송파구,거여,파출소,127.1297121,37.4851632
서울,송파구,풍납,파출소,127.1170927,37.534168
서울,송파구,오금,파출소,127.1281025,37.5069028
서울,송파구,신천,파출소,127.1125517,37.5201677
서울,송파구,위례,파출소,127.1456156,37.4777464
서울,노원구,당현,지구대,127.0683521,37.6420174
서울,노원구,월계,지구대,127.0592903,37.633683
서울,노원구,화랑,지구대,127.0746213,37.6225774
서울,노원구,노원역,지구대,127.0669205,37.6550079
서울,노원구,불암,지구대,127.0773447,37.6524319
서울,노원구,마들,지구대,127.0636496,37.664587
서울,노원구,당고개,파출소,127.0759054,37.6670714
서울,노원구,상계1,파출소,127.055048,37.6796826
서울,서초구,남태령,지구대,126.9821831,37.4795241
서울,서초구,서래,파출소,126.9969638,37.5021137
서울,서초구,이수,파출소,126.9888491,37.4941423
서울,서초구,방배1,파출소,126.9953409,37.4839618
서울,은평구,불광,지구대,126.9265806,37.6214136
서울,은평구,연신내,지구대,126.9127037,37.6152136
서울,은평구,진관,파출소,126.9209204,37.6399591
서울,은평구,대조,파출소,126.924261,37.608652
서울,도봉구,창동,지구대,127.0517577,37.652274
서울,도봉구,신창,파출소,127.0346341,37.6435213
서울,도봉구,방학,파출소,127.0400183,37.6645051
서울,도봉구,신방학,파출소,127.0271866,37.6585073
서울,도봉구,도봉1,파출소,127.0434079,37.6794717
서울,도봉구,도봉2,파출소,127.0492793,37.6839882
서울,도봉구,쌍문,파출소,127.0380106,37.6575959
서울,도봉구,숭미,파출소,127.025585,37.6475106
서울,강남구,도곡,지구대,127.0437172,37.5013391
서울,강남구,대치,지구대,127.0626174,37.4948768
서울,강남구,수서,파출소,127.1048337,37.4891402
서울,강남구,대왕,파출소,127.1073578,37.4651731
서울,강남구,일원,지구대,127.0833764,37.4924177
서울,강남구,개포,지구대,127.0511717,37.4797739
부산,중구,남포,지구대,129.0355492,35.1005267
부산,중구,영주,파출소,129.0321937,35.1118949
부산,중구,부평,파출소,129.0237887,35.1029432
부산,중구,보수,파출소,129.0233879,35.1059753
부산,중구,대청,파출소,129.0313829,35.1058715
부산,동래구,내성,지구대,129.0845341,35.2073182
부산,동래구,충렬,지구대,129.097137,35.199606
부산,동래구,온천,지구대,129.0704026,35.2092106
부산,동래구,사직,지구대,129.0755838,35.2006828
부산,동래구,온천1,파출소,129.0805364,35.2222267
부산,동래구,낙민,파출소,129.09248,35.1937982
부산,영도구,동삼,지구대,129.0732514,35.0782949
부산,영도구,영선,지구대,129.0428988,35.0876819
부산,영도구,청학,파출소,129.0662142,35.0919591
부산,영도구,대교,파출소,129.0400178,35.0922497
부산,동구,초량,지구대,129.0374906,35.117835
부산,동구,수성,지구대,129.0435221,35.1348646
부산,동구,자성대,파출소,129.0612539,35.1373967
부산,동구,좌천,파출소,129.0559953,35.1371993
부산,동구,범곡,파출소,129.0491889,35.1412336
부산,진구,양정,지구대,129.0625687,35.1743872
부산,진구,부전,지구대,129.0610815,35.163845
부산,진구,서면,지구대,129.0554757,35.1471011
부산,진구,당감,지구대,129.0393954,35.1632668
부산,진구,성지,지구대,129.0516613,35.1790163
부산,진구,가야,지구대,129.0294901,35.1524626
부산,진구,부암,지구대,129.0501258,35.1671764
부산,진구,범천1,파출소,129.0618753,35.1446835
부산,진구,전포,파출소,129.0649921,35.1514436
부산,진구,개금,파출소,129.0233581,35.1623487
부산,서구,송도,지구대,129.0215097,35.0793908
부산,서구,구덕,지구대,129.0173727,35.1171041
부산,서구,충무,지구대,129.0179608,35.1035331
부산,서구,아미,파출소,129.0161546,35.1002852
부산,남구,문현,지구대,129.0697893,35.1389532
부산,남구,용호,지구대,129.1123668,35.1253465
부산,남구,대연,지구대,129.1019803,35.1378084
부산,남구,못골,파출소,129.0900677,35.139764
부산,남구,우암,파출소,129.0781597,35.1246371
부산,남구,용당,파출소,129.0957853,35.1144105
부산,남구,감만,파출소,129.0808062,35.1181776
부산,해운대구,재송,지구대,129.1234846,35.1839059
부산,해운대구,우동,지구대,129.139368,35.1679203
부산,해운대구,중동,지구대,129.1789928,35.1616822
부산,해운대구,좌동,지구대,129.1763937,35.177842
부산,해운대구,반여,지구대,129.1177969,35.1974972
부산,해운대구,송정,파출소,129.2004777,35.1806704
부산,해운대구,반석,파출소,129.1466642,35.2254852
부산,해운대구,반송,파출소,129.1602143,35.2289886
부산,해운대구,반여2·3,파출소,129.1304111,35.1949013
부산,사상구,주례,지구대,129.0009828,35.1457787
부산,사상구,학장,파출소,128.9877903,35.142029
부산,사상구,감전,지구대,128.9772207,35.151967
부산,사상구,모라,파출소,128.9963095,35.1846222
부산,사상구,삼덕,파출소,128.9855648,35.1758765
부산,사상구,엄궁,파출소,128.9693325,35.1272149
부산,금정구,부곡,지구대,129.0923228,35.2279798
부산,금정구,장전,지구대,129.0859771,35.2290825
부산,금정구,범어,지구대,129.0881786,35.2721753
부산,금정구,서금,지구대,129.1164812,35.2160956
부산,금정구,팔송,파출소,129.0929836,35.2723123
부산,사하구,괴정,지구대,128.988252,35.0993981
부산,사하구,하단,지구대,128.965235,35.1044691
부산,사하구,감천,지구대,129.0032192,35.0883141
부산,사하구,다대,지구대,128.9824034,35.0635066
부산,사하구,신평,파출소,128.9624336,35.0938278
부산,사하구,장림,파출소,128.9777454,35.0810856
부산,연제구,토곡,지구대,129.1080868,35.1859676
부산,연제구,연일,지구대,129.0831198,35.1868245
부산,연제구,거제,지구대,129.0668011,35.187438
부산,연제구,연산,파출소,129.0935203,35.1739134
부산,강서구,가락,파출소,128.9021427,35.1949511
부산,강서구,강동,파출소,128.9366798,35.216178
부산,강서구,대저,파출소,128.9827834,35.2120268
부산,강서구,공항,파출소,128.9543164,35.1811565
부산,강서구,녹산,파출소,128.8863488,35.1126794
부산,강서구,신호,파출소,128.8564146,35.0898635
부산,강서구,명지,지구대,128.9086291,35.0939364
부산,강서구,가덕도,파출소,128.8310343,35.0527934
부산,강서구,지사,파출소,128.8321649,35.1511661
부산,북구,덕천,지구대,129.0050557,35.2154675
부산,북구,구포,지구대,129.0062677,35.1988629
부산,북구,만덕,지구대,129.0391432,35.2055529
부산,북구,화명,지구대,129.0096841,35.23178
부산,북구,금곡,파출소,129.0130809,35.249626
부산,기장군,기장,지구대,129.2174684,35.2458495
부산,기장군,일광,파출소,129.232403,35.2641761
부산,기장군,장안,파출소,129.2444249,35.3129603
부산,기장군,정관,지구대,129.1790497,35.3250085
부산,기장군,철마,파출소,129.1485708,35.2750061
부산,수영구,광남,지구대,129.1152192,35.1542998
부산,수영구,광민,지구대,129.1253699,35.1573878
부산,수영구,망미1,파출소,129.1011879,35.1726631
부산,수영구,수영망미2,파출소,129.1159235,35.1705092
대구,중구,서문,지구대,128.5839158,35.8713429
대구,중구,동덕,지구대,128.6060273,35.8680698
대구,중구,남산,지구대,128.587664,35.8660609
대구,중구,중앙,파출소,128.5888199,35.8696335
대구,동구,큰고개,지구대,128.6251401,35.8878368
대구,동구,동촌,지구대,128.6488873,35.8865031
대구,동구,안심,지구대,128.712578,35.8721989
대구,동구,남신암,지구대,128.6124076,35.8812867
대구,동구,동대구,지구대,128.6242638,35.8749706
대구,동구,팔공,파출소,128.6914602,35.9562248
대구,동구,공산,파출소,128.6336113,35.9792569
대구,동구,봉무불로,파출소,128.6401223,35.9272713
대구,동구,동내혁신,파출소,128.7338934,35.8816244
대구,서구,평산,지구대,128.5714833,35.8733495
대구,서구,서도,지구대,128.5595066,35.8709813
대구,서구,이현,지구대,128.5439569,35.8690428
대구,서구,비원,지구대,128.5754661,35.8835334
대구,서구,내당4동,파출소,128.5551813,35.8573374
대구,남구,봉천,지구대,128.6001619,35.8450164
대구,남구,동대명,지구대,128.5790963,35.8512217
대구,남구,서대명,파출소,128.5775338,35.8357536
대구,남구,대명,파출소,128.5672805,35.8461315
대구,남구,남대명,파출소,128.5642914,35.8351675
대구,북구,노원,지구대,128.5793625,35.8984404
대구,북구,복현,지구대,128.6178136,35.894292
대구,북구,고성,지구대,128.5890085,35.8786547
대구,북구,산격,지구대,128.5947318,35.8946429
대구,수성구,고산,지구대,128.7065126,35.8438434
대구,수성구,황금,지구대,128.6346797,35.8410085
대구,수성구,만촌,지구대,128.6488605,35.8682787
대구,수성구,상동,지구대,128.6171729,35.834538
대구,수성구,지산,지구대,128.6372041,35.8230859
대구,수성구,범어,지구대,128.6251086,35.8584541
대구,수성구,파동,파출소,128.6212765,35.8086039
대구,달서구,월배,지구대,128.5263747,35.8141223
대구,달서구,상인,지구대,128.5451082,35.8139757
대구,달서구,송현,지구대,128.5465818,35.833618
대구,달서구,월성,파출소,128.5280565,35.8307985
대구,달서구,대곡,파출소,128.5286154,35.8032424
대구,달서구,신당,지구대,128.4991458,35.8589713
대구,달서구,죽전,파출소,128.5309618,35.8565275
대구,달서구,성당,파출소,128.5470215,35.8412412
대구,달서구,두류3동,파출소,128.5563753,35.8570795
대구,달서구,성서,파출소,128.5125817,35.8512084
대구,달서구,용산,파출소,128.5227931,35.8585643
대구,달서구,두류,파출소,128.5647852,35.8564274
대구,달서구,감삼,파출소,128.5423553,35.8517537
대구,달성군,가창,파출소,128.6231728,35.8006444
대구,달성군,공단,파출소,128.4528204,35.730318
대구,달성군,논공,파출소,128.421214,35.7739856
대구,달성군,구지,파출소,128.4134558,35.6596225
대구,달성군,화남,파출소,128.4899396,35.7986923
대구,달성군,화원,파출소,128.50708,35.8025961
대구,달성군,옥포,파출소,128.4720662,35.7902822
대구,달성군,다사,지구대,128.4724799,35.8731668
대구,달성군,현풍,파출소,128.4451106,35.6956359
대구,달성군,유가,파출소,128.4604483,35.6938927
대구,달성군,하빈,파출소,128.42139,35.8764033
대구,북구,동천,지구대,128.5580405,35.931899
대구,북구,강북,지구대,128.5697502,35.9436781
대구,북구,무태,파출소,128.5967824,35.9213836
대구,북구,관문,파출소,128.5209594,35.8964186
대구,군위군,부계,파출소,128.6657438,36.0989001
대구,군위군,의흥,파출소,128.7171345,36.1752025
대구,군위군,중앙,파출소,128.5662157,36.2349363
대구,군위군,효령,파출소,128.5869754,36.1560834
인천,중구,신흥,지구대,126.6320059,37.4622389
인천,동구,송림,지구대,126.6403017,37.474147
인천,중구,하인천,지구대,126.6175986,37.4754964
인천,중구,공항,지구대,126.4883449,37.4934651
인천,중구,연안,파출소,126.6031715,37.456135
인천,옹진군,영흥,파출소,126.4992335,37.2561128
인천,옹진군,북도,파출소,126.4269695,37.5336949
인천,옹진군,대청,파출소,124.7149884,37.8244319
인천,옹진군,연평,파출소,125.7005377,37.6599407
인천,옹진군,백령,파출소,124.7180446,37.97372
인천,옹진군,덕적,파출소,126.1340628,37.2378737
인천,중구,용유,파출소,126.4013272,37.4448098
인천,동구,송현,파출소,126.6369906,37.482164
인천,중구,동인천,파출소,126.6316551,37.4759033
인천,동구,서흥,파출소,126.6452059,37.4799068
인천,중구,영종,지구대,126.5551301,37.4887507
인천,미추홀구,학동,지구대,126.6746514,37.4399559
인천,미추홀구,숭의,지구대,126.646026,37.457634
인천,미추홀구,도화,지구대,126.6610638,37.4700232
인천,미추홀구,주안역,지구대,126.6776337,37.4643982
인천,미추홀구,주안,지구대,126.6964397,37.4444151
인천,미추홀구,문학,지구대,126.684971,37.437224
인천,미추홀구,주안2,파출소,126.6696522,37.4485046
인천,미추홀구,용오,파출소,126.6380348,37.4557761
인천,미추홀구,석암,파출소,126.6905596,37.458244
인천,남동구,만수,지구대,126.7336716,37.461426
인천,남동구,구월,지구대,126.7160566,37.4431702
인천,남동구,간석,지구대,126.7117258,37.4604589
인천,남동구,정각,지구대,126.7150682,37.4560262
인천,남동구,간석4,파출소,126.6948997,37.4660588
인천,남동구,구월3,파출소,126.6954067,37.449891
인천,부평구,철마,지구대,126.7024431,37.500498
인천,부평구,동암,지구대,126.6969107,37.4726315
인천,부평구,역전,지구대,126.7226039,37.4907524
인천,부평구,백운,파출소,126.7081742,37.4862075
인천,부평구,청천,지구대,126.7090922,37.510392
인천,부평구,부평2,파출소,126.7176988,37.4859779
인천,서구,검단,지구대,126.6561705,37.6023266
인천,서구,서곶,지구대,126.675899,37.5581659
인천,서구,가좌,지구대,126.6799915,37.4923023
인천,서구,석남,지구대,126.6752953,37.511054
인천,서구,청라,지구대,126.653844,37.5334269
인천,서구,가석,파출소,126.6784798,37.5094228
인천,서구,불로,지구대,126.6832961,37.613075
인천,서구,가정,지구대,126.6760872,37.5212894
인천,서구,가정,지구대,126.674291,37.5920528
인천,계양구,계산,지구대,126.7382931,37.5347829
인천,계양구,효성,지구대,126.7141637,37.5325494
인천,계양구,계양산,지구대,126.7259468,37.547544
인천,계양구,장기,파출소,126.7345745,37.5767126
인천,계양구,계산1,파출소,126.7258298,37.5391272
인천,강화군,송해,파출소,126.4656333,37.762043
인천,강화군,길상,파출소,126.49101,37.6400636
인천,강화군,삼산,파출소,126.3217188,37.7043934
인천,강화군,교동,파출소,126.2811759,37.7815606
인천,강화군,서도,파출소,126.2397067,37.6517982
인천,강화군,불은,파출소,126.4797624,37.6854726
인천,강화군,화도,파출소,126.4170804,37.6331663
인천,강화군,양도,파출소,126.4208945,37.6638415
인천,강화군,내가,파출소,126.3899562,37.7182558
인천,강화군,심도,지구대,126.4865284,37.7480149
인천,강화군,선원,파출소,126.4840424,37.7113496
인천,강화군,양사,파출소,126.4072158,37.7988195
인천,강화군,하점,파출소,126.4150682,37.772996
인천,연수구,연수,지구대,126.6709354,37.418767
인천,연수구,동춘,지구대,126.6692612,37.4029351
인천,연수구,송도국제도시,지구대,126.651582,37.3911384
인천,연수구,송도국제도시2,지구대,126.6693212,37.3867621
인천,연수구,옥련,지구대,126.6589243,37.4277768
인천,연수구,선학,파출소,126.7011767,37.4227253
인천,부평구,갈산,지구대,126.7232891,37.5136008
인천,부평구,부흥,지구대,126.7397086,37.4977209
인천,부평구,중앙,지구대,126.7237791,37.4961172
인천,부평구,부개,파출소,123.7417741,32.5220203
인천,부평구,부개2,파출소,126.7347795,37.4936046
인천,남동구,만월,지구대,126.7371896,37.4437943
인천,남동구,논현,지구대,126.7236444,37.3936142
인천,남동구,남동산단,파출소,126.6936026,37.4093426
인천,남동구,서창,지구대,126.7475992,37.4355615
광주,광산구,수완,지구대,126.8284697,35.190923
광주,광산구,첨단,지구대,126.8464811,35.2162622
광주,광산구,우산,지구대,126.8075887,35.1538711
광주,광산구,월곡,지구대,126.8091366,35.1794403
광주,광산구,도산,지구대,126.7854262,35.1290165
광주,광산구,송정,파출소,126.8031133,35.1447141
광주,광산구,하남,파출소,126.7945341,35.184722
광주,광산구,비아,파출소,126.8238205,35.2217047
광주,광산구,평동,파출소,126.7597485,35.1242135
광주,광산구,동곡,파출소,126.7739171,35.0975147
광주,광산구,삼도,파출소,126.7004551,35.1632612
광주,광산구,본량,파출소,126.730434,35.1814351
광주,광산구,임곡,파출소,126.7451916,35.2198426
광주,동구,금남,지구대,126.9195486,35.149531
광주,동구,학서,파출소,126.9199266,35.140854
광주,동구,산수,파출소,126.9320001,35.1566091
광주,동구,지원,파출소,126.933449,35.1221077
광주,동구,지산,파출소,126.9428051,35.1494387
광주,서구,금호,지구대,126.859431,35.1352881
광주,서구,상무,지구대,126.8505453,35.1577656
광주,서구,화정,지구대,126.8770054,35.1531373
광주,서구,농성,파출소,126.8903217,35.1504477
광주,서구,동천,파출소,126.8644224,35.1709124
광주,서구,염주,파출소,126.8793248,35.1416662
광주,서구,풍암,파출소,126.8788923,35.1243826
광주,남구,백운,지구대,126.9005887,35.1410587
광주,남구,방림,지구대,126.9086192,35.1329918
광주,남구,효덕,지구대,126.8997386,35.1120714
광주,남구,양림,파출소,126.9152348,35.1429755
광주,남구,주월,파출소,126.8934641,35.1339631
광주,남구,대촌,파출소,126.8345611,35.0802293
광주,북구,우산,지구대,126.9198698,35.1783692
광주,북구,동운,지구대,126.8661405,35.1871082
광주,북구,두암,지구대,126.9331537,35.1741693
광주,북구,용봉,지구대,126.9024995,35.183441
광주,북구,일곡,지구대,126.898173,35.2030067
광주,북구,문흥,지구대,126.9215228,35.1870372
광주,북구,역전,지구대,126.9050301,35.1625699
광주,북구,건국,지구대,126.8796967,35.2185571
광주,북구,석곡,파출소,126.9488347,35.2138861
대전,중구,남대전,지구대,127.4270262,36.3180631
대전,중구,서대전,지구대,127.4140075,36.3225333
대전,중구,유등,지구대,127.398356,36.3128572
대전,중구,문화,지구대,127.4018933,36.3060795
대전,중구,선화,파출소,127.4211279,36.3340769
대전,중구,중촌,파출소,127.4125577,36.3391091
대전,동구,용전,지구대,127.4369728,36.3519072
대전,동구,대전역,지구대,127.4338817,36.3310287
대전,동구,가양,지구대,127.44931,36.3466473
대전,동구,천동,파출소,127.4488348,36.3097209
대전,동구,판암,파출소,127.4742842,36.3305553
대전,동구,산내,파출소,127.4675063,36.2822631
대전,서구,도마,지구대,127.3739892,36.3102627
대전,서구,내동,지구대,127.3810858,36.3337952
대전,서구,구봉,지구대,127.3289854,36.2991856
대전,서구,가수원,지구대,127.3523298,36.3090298
대전,대덕구,신탄진,지구대,127.4069145,36.4470947
대전,대덕구,중리,지구대,127.4188643,36.3583906
대전,대덕구,송촌,지구대,127.442261,36.3633958
대전,대덕구,회덕,파출소,127.4213878,36.3772298
대전,서구,둔산,지구대,127.377936,36.3488927
대전,서구,갈마,지구대,127.3683354,36.3526636
대전,서구,월평,지구대,127.3668373,36.360172
대전,서구,청사,지구대,127.3946844,36.3599558
대전,유성구,유성,지구대,127.350742,36.358148
대전,유성구,도룡,지구대,127.378102,36.3854389
대전,유성구,노은,지구대,127.3231342,36.3758393
대전,유성구,신성,지구대,127.3485056,36.3898414
대전,유성구,복용,파출소,127.3160531,36.3432012
대전,유성구,구즉,지구대,127.3836229,36.4400372
대전,유성구,진잠,파출소,127.3207717,36.3026811
울산,중구,태화,지구대,129.2972605,35.5599709
울산,중구,중앙,지구대,129.3296665,35.5559495
울산,중구,병영,지구대,129.3460255,35.5791747
울산,중구,반구,파출소,129.3414035,35.5560539
울산,중구,성안,파출소,129.3229408,35.5809174
울산,남구,신정,지구대,129.3185522,35.5393164
울산,남구,삼산,지구대,129.3244906,35.5443617
울산,남구,야음,지구대,129.3352719,35.5221699
울산,남구,옥동,지구대,129.2925466,35.5342892
울산,남구,무거,지구대,129.2600111,35.550749
울산,남구,본동,파출소,129.3413917,35.5421019
울산,동구,방어진,지구대,129.4211462,35.4910402
울산,동구,전하,지구대,129.4287148,35.5089497
울산,동구,남목,파출소,129.429081,35.5420408
울산,동구,서부,파출소,129.4253369,35.5261323
울산,북구,명촌,지구대,129.3551828,35.5588831
울산,북구,화봉,파출소,129.3681401,35.5885695
울산,북구,농소1,파출소,129.3558439,35.6216596
울산,북구,농소2,파출소,129.3468681,35.6373616
울산,북구,농소3,파출소,129.3406186,35.6300588
울산,북구,강동,파출소,129.4360867,35.629346
울산,북구,양정,파출소,129.3854319,35.5425322
울산,울주군,범서,파출소,129.2439765,35.5715375
울산,울주군,언양,파출소,129.1322757,35.5602633
울산,울주군,온양,파출소,129.2823613,35.4172357
울산,울주군,온산,파출소,129.3067211,35.4338744
울산,울주군,두동,파출소,129.2015772,35.6546354
울산,울주군,상북,파출소,129.0896852,35.5910394
울산,울주군,삼남,파출소,129.1074635,35.5358425
울산,울주군,청량,파출소,129.3055776,35.4953385
울산,울주군,웅촌,파출소,129.2059322,35.4634592
울산,울주군,서생,파출소,129.3230616,35.3481427
세종,세종시,금남,파출소,127.2810516,36.4641391
세종,세종시,한솔,지구대,127.2591076,36.4802809
세종,세종시,아름,지구대,127.247055,36.5114325
세종,세종시,청사,지구대,127.2658997,36.4961032
세종,세종시,보람,지구대,127.2910028,36.477744
세종,세종시,조치원,지구대,127.2980389,36.6043696
세종,세종시,연동,파출소,127.3649178,36.5329904
세종,세종시,전의,파출소,127.2034009,36.6790961
세종,세종시,전동,파출소,127.2650348,36.6558452
세종,세종시,부강,파출소,127.364477,36.5309063
경기도,수원시,장안,지구대,127.0095337,37.2957951
경기도,수원시,노송,지구대,126.9880439,37.3103819
경기도,수원시,연무,지구대,127.0220355,37.2910693
경기도,수원시,율천,파출소,126.9734936,37.3027507
경기도,수원시,산남,지구대,127.0530823,37.2687225
경기도,수원시,영통,지구대,127.0779318,37.2548707
경기도,수원시,매탄,지구대,127.0398573,37.2651378
경기도,수원시,태장,파출소,127.0554208,37.2403659
경기도,수원시,광교,지구대,127.047646,37.2885568
경기도,수원시,곡선,지구대,127.0300162,37.2518477
경기도,수원시,서호,지구대,126.9714362,37.2807105
경기도,수원시,세류,지구대,127.0152327,37.2427418
경기도,수원시,호매실,지구대,126.9514456,37.2732003
경기도,수원시,권선,파출소,127.0295861,37.2598908
경기도,수원시,고색,파출소,126.9863577,37.2519145
경기도,수원시,당수,파출소,126.9417827,37.2917125
경기도,수원시,인계,지구대,127.0314461,37.2757471
경기도,수원시,매산,지구대,127.0016253,37.264353
경기도,수원시,화서문,지구대,126.9932104,37.2867006
경기도,수원시,행궁,파출소,127.0213947,37.2830714
경기도,수원시,지만,파출소,127.0297219,37.2809413
경기도,수원시,고등,파출소,127.0024805,37.2730286
경기도,수원시,매교,파출소,127.0143815,37.2691545
경기도,안양시,갈산,지구대,126.9662248,37.3763588
경기도,안양시,인덕원,지구대,126.9700967,37.4061367
경기도,안양시,비산,지구대,126.9380494,37.3991132
경기도,안양시,범계,지구대,126.9588737,37.3682478
경기도,안양시,평안,지구대,126.9527134,37.389891
경기도,안양시,호계,파출소,126.9644178,37.3903545
경기도,안양시,명학,지구대,126.9304592,37.3896107
경기도,안양시,안양,지구대,126.9156098,37.3966209
경기도,안양시,석수,지구대,126.9183987,37.4147396
경기도,안양시,박달,지구대,126.9082938,37.4019058
경기도,군포시,군포,지구대,126.9445807,37.3521453
경기도,군포시,산본,지구대,126.926579,37.3679051
경기도,군포시,대야,파출소,126.9175016,37.3278511
경기도,군포시,금정,파출소,126.9440419,37.3656294
경기도,군포시,송부,파출소,126.939858,37.3227733
경기도,성남시,수진,지구대,127.1284199,37.4338201
경기도,성남시,신흥,지구대,127.1441626,37.4415582
경기도,성남시,중앙,파출소,127.1362642,37.4424648
경기도,성남시,산성,파출소,127.1455492,37.4498039
경기도,성남시,단대,파출소,127.1586639,37.452448
경기도,성남시,수진1,파출소,127.1388842,37.4386725
경기도,성남시,태평4,파출소,127.140881,37.4478688
경기도,성남시,고등,파출소,127.1003547,37.4297893
경기도,성남시,복정,파출소,127.1275391,37.456151
경기도,성남시,성남위례,파출소,127.1496671,37.4724143
경기도,성남시,성호,지구대,127.1399762,37.4360763
경기도,성남시,금광,지구대,127.1613881,37.4473584
경기도,성남시,대원,파출소,127.1657747,37.4329633
경기도,성남시,상대원2,파출소,127.1585865,37.4391748
경기도,성남시,은행,파출소,127.1653967,37.4558117
경기도,성남시,도촌,파출소,127.1546024,37.4176288
경기도,성남시,야탑,지구대,127.1273784,37.4096458
경기도,성남시,서현,지구대,127.1262611,37.382317
경기도,성남시,금곡,지구대,127.1073043,37.351629
경기도,성남시,서판교,파출소,127.0789226,37.3908694
경기도,성남시,동판교,파출소,127.115746,37.4065498
경기도,성남시,수내,파출소,127.1262948,37.3667557
경기도,성남시,구미,파출소,127.1206647,37.3393753
경기도,부천시,송내,지구대,126.7726918,37.4793538
경기도,부천시,소사,지구대,126.7960233,37.4824501
경기도,부천시,범박,지구대,126.8093679,37.4701601
경기도,부천시,중앙,지구대,126.7798854,37.4909975
경기도,부천시,중동,지구대,126.7624989,37.5057648
경기도,부천시,상동,지구대,126.7534346,37.4917756
경기도,부천시,계남,지구대,126.771665,37.4978773
경기도,부천시,원미,지구대,126.7908722,37.4961833
경기도,부천시,역곡,지구대,126.8082431,37.4861782
경기도,부천시,약대,지구대,126.770422,37.5143622
경기도,부천시,내동,지구대,126.7749037,37.5204457
경기도,부천시,원종,지구대,126.8052411,37.525559
경기도,부천시,고강,파출소,126.8157333,37.5309717
경기도,부천시,성곡,파출소,126.8006785,37.5179981
경기도,광명시,철산,지구대,126.8690176,37.4780535
경기도,광명시,하안,지구대,126.8773028,37.4615714
경기도,광명시,소하,지구대,126.8883492,37.4499262
경기도,광명시,광명,지구대,126.8651955,37.4863245
경기도,광명시,광남,지구대,126.8486029,37.4689541
경기도,광명시,일직,파출소,126.8861753,37.4128275
경기도,안산시,고잔,파출소,126.8320965,37.3213082
경기도,안산시,호수,지구대,126.8247878,37.3102879
경기도,안산시,와동,파출소,126.8289676,37.3433532
경기도,안산시,선부,파출소,126.8091817,37.3320366
경기도,안산시,선부2,파출소,126.8038793,37.3440663
경기도,안산시,선부3,파출소,126.817305,37.3486705
경기도,안산시,원곡,파출소,126.7946044,37.3326369
경기도,안산시,원선,파출소,126.7972501,37.3280684
경기도,안산시,공단,파출소,126.7933867,37.3128192
경기도,안산시,대부,파출소,126.5825753,37.2450119
경기도,안산시,신길,파출소,126.783887,37.3345816
경기도,안산시,본오,지구대,126.8612164,37.3026246
경기도,안산시,사동,지구대,126.8512181,37.2969864
경기도,안산시,본오1,파출소,126.8635475,37.284887
경기도,안산시,부곡,파출소,126.8608136,37.3315629
경기도,안산시,월피,파출소,126.8463343,37.3331616
경기도,안산시,성포,파출소,126.8473078,37.3270529
경기도,안산시,일동,파출소,126.8643818,37.3126568
경기도,안산시,이동,파출소,126.8513557,37.3072238
경기도,안산시,반월,파출소,126.9023225,37.305545
경기도,안산시,팔곡,파출소,126.8875058,37.2975133
경기도,안산시,수암,파출소,126.8764332,37.3639612
경기도,시흥시,장곡,지구대,126.7813035,37.3820134
경기도,시흥시,옥구,지구대,126.7287204,37.3511576
경기도,시흥시,정왕,지구대,126.7410177,37.3487752
경기도,시흥시,은행,지구대,126.7999349,37.4442949
경기도,시흥시,군자,파출소,126.785322,37.3442737
경기도,시흥시,매화,파출소,126.814685,37.4161961
경기도,시흥시,신천,파출소,126.7868325,37.4375836
경기도,시흥시,대야,파출소,126.7853929,37.4441554
경기도,시흥시,시화,파출소,126.7436665,37.3401804
경기도,시흥시,능곡,파출소,126.8137907,37.3690172
경기도,시흥시,목감,파출소,126.8582841,37.3816103
경기도,시흥시,배곧,지구대,126.7289792,37.3665953
경기도,평택시,평택,지구대,127.0856218,36.9983934
경기도,평택시,서정,지구대,127.056123,37.057123
경기도,평택시,팽성,지구대,127.062622,36.964692
경기도,평택시,진위,파출소,127.0635649,37.1102576
경기도,평택시,서탄,파출소,127.0338885,37.1081362
경기도,평택시,포승,파출소,126.8821138,36.9824227
경기도,평택시,비전,지구대,127.1183418,37.0038675
경기도,평택시,고덕,지구대,127.0497298,37.0405454
경기도,평택시,송탄,지구대,127.0566008,37.0830068
경기도,평택시,안중,파출소,126.9205468,36.9850852
경기도,평택시,현덕,파출소,126.9229258,36.9669222
경기도,평택시,청북,파출소,126.9342654,37.0395554
경기도,평택시,오성,파출소,126.9855266,37.0088802
경기도,평택시,만호,파출소,126.8436528,36.9743768
경기도,평택시,신장,파출소,127.0512551,37.0724301
경기도,평택시,용이,파출소,127.1397726,36.9984918
경기도,오산시,오산,지구대,127.0759296,37.1473271
경기도,오산시,궐동,지구대,127.0660842,37.1597933
경기도,오산시,중앙,파출소,127.0682136,37.1468251
경기도,오산시,세교,지구대,127.0439507,37.1811621
경기도,화성시,남양,파출소,126.8146218,37.2089875
경기도,화성시,발안,지구대,126.9074905,37.1319903
경기도,화성시,봉담,지구대,126.9707186,37.2166012
경기도,화성시,매송,파출소,126.9119215,37.2499563
경기도,화성시,송산,파출소,126.738143,37.2141715
경기도,화성시,서신,파출소,126.7055682,37.1701902
경기도,화성시,우정,파출소,126.8184019,37.0841528
경기도,화성시,팔탄,파출소,126.9031285,37.1605056
경기도,화성시,비봉,파출소,126.8675805,37.2362226
경기도,화성시,마도,파출소,126.7745482,37.2062999
경기도,화성시,양감,파출소,126.944755,37.0816319
경기도,화성시,태안,지구대,127.0332432,37.2083514
경기도,화성시,동탄,지구대,127.0774044,37.2075051
경기도,화성시,정남,파출소,126.9839788,37.1729767
경기도,화성시,안용,파출소,127.0133691,37.2058447
경기도,화성시,동탄2,지구대,127.1038839,37.2089879
경기도,화성시,반월,파출소,127.0623578,37.2308154
경기도,화성시,동탄3,지구대,127.122569,37.1812117
경기도,용인시,중앙,지구대,127.1982366,37.2345706
경기도,용인시,구갈,지구대,127.1104693,37.2832697
경기도,용인시,흥덕,파출소,127.0744884,37.2783262
경기도,용인시,상갈,파출소,127.1092083,37.2716181
경기도,용인시,동백,지구대,127.1554837,37.277544
경기도,용인시,고매,파출소,127.0991975,37.2231807
경기도,용인시,동부,파출소,127.2135899,37.2385483
경기도,용인시,포곡,파출소,127.2124966,37.2634654
경기도,용인시,모현,파출소,127.2496769,37.3351997
경기도,용인시,양지,파출소,127.2869678,37.234219
경기도,용인시,백암,파출소,127.3738941,37.1644775
경기도,용인시,원삼,파출소,127.3112084,37.1648867
경기도,용인시,이동,파출소,127.1964797,37.1398433
경기도,용인시,남사,파출소,127.1499239,37.1138458
경기도,용인시,보라,파출소,127.1087132,37.251439
경기도,용인시,서천,파출소,127.0731605,37.2376226
경기도,용인시,수지,지구대,127.1018881,37.3249521
경기도,용인시,보정,지구대,127.115819,37.3195154
경기도,용인시,상현,지구대,127.0754777,37.3062225
경기도,용인시,구성,파출소,127.116978,37.2946991
경기도,용인시,신봉,파출소,127.0829749,37.3186526
경기도,용인시,죽전,지구대,127.1116653,37.3311623
경기도,광주시,곤지암,파출소,127.3397635,37.3521005
경기도,광주시,도척,파출소,127.3314642,37.300214
경기도,광주시,경안,지구대,127.2572395,37.4117494
경기도,광주시,남한산성,파출소,127.1862277,37.4777447
경기도,광주시,초월,파출소,127.2883587,37.3857283
경기도,광주시,오포동부,파출소,127.2314136,37.3677378
경기도,광주시,퇴촌,파출소,127.3078241,37.4707344
경기도,광주시,태전,파출소,127.2294752,37.3894682
경기도,광주시,오포서부,파출소,127.1827872,37.3470384
경기도,김포시,사우,지구대,126.7176922,37.6184544
경기도,김포시,장기,지구대,126.6677603,37.6483911
경기도,김포시,양촌,파출소,126.6234122,37.6567837
경기도,김포시,통진,파출소,126.5974631,37.6921481
경기도,김포시,고촌,파출소,126.7660707,37.5978775
경기도,김포시,대곶,파출소,126.5839597,37.6509737
경기도,김포시,월곶,파출소,126.552103,37.7164308
경기도,김포시,하성,파출소,126.631684,37.719787
경기도,김포시,김포T,파출소,126.7850336,37.596092
경기도,김포시,풍무,파출소,126.7279897,37.607087
경기도,김포시,마산,지구대,126.6445826,37.6380448
경기도,김포시,운양,지구대,126.6799222,37.646942
경기도,하남시,하남,지구대,127.2102435,37.5356026
경기도,하남시,덕풍,지구대,127.204239,37.5512226
경기도,하남시,미사2,지구대,127.1898587,37.567569
경기도,하남시,미사강변,지구대,127.1890076,37.5583634
경기도,하남시,창우,파출소,127.2247117,37.5392486
경기도,하남시,하남위례,파출소,127.1565686,37.4870429
경기도,하남시,서부,파출소,127.1620656,37.5162583
경기도,과천시,과천,지구대,126.9927943,37.4335802
경기도,과천시,별양,지구대,126.9827814,37.4094813
경기도,의왕시,의왕,지구대,126.9680496,37.3568937
경기도,의왕시,청계,파출소,126.9964226,37.3894681
경기도,의왕시,부곡,파출소,126.9489681,37.3224221
경기도,의왕시,내손,지구대,126.9784309,37.3871335
경기도,이천시,창전,지구대,127.4416691,37.2816998
경기도,이천시,아미,파출소,127.4864634,37.2565273
경기도,이천시,장호원,파출소,127.6305077,37.1168401
경기도,이천시,부발,파출소,127.4888389,37.2870221
경기도,이천시,대월,파출소,127.4947031,37.2246183
경기도,이천시,마장,파출소,127.3573678,37.2491838
경기도,이천시,신둔,파출소,127.402415,37.3086403
경기도,이천시,모가,파출소,127.4800055,37.17256
경기도,이천시,백사,파출소,127.4911989,37.3384943
경기도,이천시,설성,파출소,127.5210774,37.132705
경기도,이천시,호법,파출소,127.4281993,37.2241897
경기도,이천시,율면,파출소,127.5468928,37.0955175
경기도,이천시,증포,지구대,127.4552692,37.2895397
경기도,안성시,중앙,지구대,127.2621722,37.0094716
경기도,안성시,공도,지구대,127.1727785,37.000772
경기도,안성시,대덕,파출소,127.2374432,37.0125774
경기도,안성시,금광,파출소,127.3228464,37.0010021
경기도,안성시,보개,파출소,127.2900182,37.0225728
경기도,안성시,내리,지구대,127.2259606,37.0035458
경기도,안성시,원곡,파출소,127.1292877,37.0391194
경기도,안성시,양성,파출소,127.1953228,37.0587706
경기도,안성시,일죽,파출소,127.4774743,37.0936279
경기도,안성시,죽산,파출소,127.4218652,37.0749867
경기도,여주시,홍문,지구대,127.6369683,37.2976165
경기도,여주시,점동,파출소,127.6616902,37.2049557
경기도,여주시,가남,파출소,127.545571,37.2037021
경기도,여주시,세종대왕,파출소,127.5720003,37.2992827
경기도,여주시,흥천,파출소,127.5425943,37.3327479
경기도,여주시,금사,파출소,127.5342426,37.3931879
경기도,여주시,산북,파출소,127.4436039,37.4047446
경기도,여주시,대신,파출소,127.5884725,37.3751238
경기도,여주시,북내,파출소,127.6796616,37.3294497
경기도,여주시,강천,파출소,127.7112454,37.2736261
경기도,여주시,오학,파출소,127.638577,37.3055782
경기도,양평군,양근,지구대,127.4907709,37.4885506
경기도,양평군,강상,파출소,127.4850017,37.4822631
경기도,양평군,강하,파출소,127.4112176,37.4958851
경기도,양평군,용문,파출소,127.5889013,37.4805617
경기도,양평군,지평,파출소,127.636122,37.4753011
경기도,양평군,단월,파출소,127.6742676,37.5328832
경기도,양평군,청운,파출소,127.708684,37.5541304
경기도,양평군,양서,파출소,127.3192033,37.544796
경기도,양평군,서종,파출소,127.3520473,37.6031891
경기도,양평군,옥천,파출소,127.4569585,37.5183877
경기도,양평군,양동,파출소,127.7529707,37.4204655
경기도,양평군,개군,파출소,127.5378852,37.425317
경기도,의정부시,금오,지구대,127.0664281,37.7476381
경기도,의정부시,신곡,지구대,127.0493183,37.7333194
경기도,의정부시,가능,지구대,127.0339283,37.7434028
경기도,의정부시,송산,지구대,127.0902137,37.7400664
경기도,의정부시,호원,지구대,127.0478303,37.7059885
경기도,의정부시,녹양,지구대,127.0366507,37.7609678
경기도,의정부시,민락,지구대,127.1135806,37.7529218
경기도,고양시,화정,지구대,126.8366987,37.6371584
경기도,고양시,행신,지구대,126.8357891,37.6221115
경기도,고양시,원당,지구대,126.8416677,37.6542545
경기도,고양시,신도,지구대,126.893921,37.6528549
경기도,고양시,고양,파출소,126.9039435,37.7034052
경기도,고양시,관산,파출소,126.8638825,37.6882765
경기도,고양시,행신3,파출소,126.8389218,37.6268096
경기도,고양시,화전,파출소,126.8660416,37.6059715
경기도,고양시,도래울,지구대,126.8640885,37.6279016
경기도,고양시,마두,지구대,126.7784899,37.6499951
경기도,고양시,백석,지구대,126.7852369,37.6441542
경기도,고양시,풍사,파출소,126.7973685,37.6675876
경기도,고양시,중산,지구대,126.7804606,37.6916149
경기도,고양시,탄현,지구대,126.7678773,37.6942232
경기도,고양시,대화,지구대,126.7546647,37.6828759
경기도,고양시,주엽,지구대,126.7634714,37.6700302
경기도,고양시,가좌,파출소,126.7232524,37.6913337
경기도,고양시,일산,파출소,126.7760688,37.6801267
경기도,남양주시,화도,지구대,127.3057189,37.6503027
경기도,남양주시,천마,파출소,127.2866129,37.6597218
경기도,남양주시,다산1,지구대,127.192564,37.6252184
경기도,남양주시,다산2,지구대,127.1700673,37.60059
경기도,남양주시,와부,파출소,127.210059,37.5873938
경기도,남양주시,호평,파출소,127.2485428,37.6551874
경기도,남양주시,금곡,파출소,127.2095053,37.6343706
경기도,남양주시,평내,파출소,127.2295974,37.6449556
경기도,남양주시,조안,파출소,127.3024157,37.5368588
경기도,남양주시,수동,파출소,127.3221334,37.7095605
경기도,남양주시,진접,파출소,127.1840382,37.7200386
경기도,남양주시,별내,파출소,127.1261618,37.6556779
경기도,남양주시,오남,파출소,127.1881199,37.6640407
경기도,남양주시,해밀,파출소,127.2048275,37.7223972
경기도,남양주시,진건,파출소,127.1786365,37.6513786
경기도,남양주시,퇴계원,파출소,127.1425949,37.6517348
경기도,남양주시,청학,파출소,127.1198885,37.7080081
경기도,파주시,금촌,지구대,126.775964,37.7657564
경기도,파주시,문산,지구대,126.7833686,37.8540575
경기도,파주시,야당,지구대,126.7383627,37.7116156
경기도,파주시,호수,지구대,126.7462711,37.7282333
경기도,파주시,교하,파출소,126.7505749,37.7522634
경기도,파주시,파주,파출소,126.8158533,37.8329093
경기도,파주시,법원,파출소,126.8798613,37.8490505
경기도,파주시,조리,파출소,126.8055757,37.7438507
경기도,파주시,광탄,파출소,126.8489368,37.7814934
경기도,파주시,적성,파출소,126.9169542,37.9534069
경기도,파주시,탄현,파출소,126.7183423,37.803868
경기도,파주시,파평,파출소,126.9116328,37.9516099
경기도,파주시,월롱,파출소,126.7910599,37.7956719
경기도,양주시,회천,지구대,127.0680436,37.8376977
경기도,양주시,고읍,지구대,127.0809377,37.796515
경기도,양주시,덕계,지구대,127.0456749,37.8182191
경기도,양주시,광적,파출소,126.9862813,37.8234353
경기도,양주시,백석,파출소,126.9904653,37.7964502
경기도,양주시,장흥,파출소,126.9408542,37.7170776
경기도,양주시,남면,파출소,126.9743598,37.8952313
경기도,양주시,주내,파출소,127.0513199,37.779143
경기도,양주시,옥정,지구대,127.0943366,37.8271629
경기도,양주시,은현,파출소,127.0233345,37.8741682
경기도,동두천시,송내,지구대,127.052044,37.8956303
경기도,동두천시,중앙,파출소,127.0607224,37.9132692
경기도,동두천시,생연,파출소,127.050331,37.901527
경기도,동두천시,광암,파출소,127.0832294,37.8948772
경기도,동두천시,소요,파출소,127.056432,37.9286328
경기도,구리시,교문,지구대,127.1355458,37.5969723
경기도,구리시,인창,지구대,127.1415181,37.6054587
경기도,구리시,토평,지구대,127.1411593,37.5913548
경기도,구리시,갈매,지구대,127.1204283,37.6296404
경기도,구리시,수택,파출소,127.1471589,37.5964711
경기도,포천시,소흘,지구대,127.1411495,37.8290363
경기도,포천시,포천,파출소,127.1962125,37.8926215
경기도,포천시,군내,파출소,127.218232,37.887544
경기도,포천시,선단,파출소,127.150345,37.8572684
경기도,포천시,창수,파출소,127.1892876,37.9910886
경기도,포천시,내촌,파출소,127.2274707,37.7855294
경기도,포천시,일동,파출소,127.3156491,37.9552032
경기도,포천시,관인,파출소,127.2508132,38.1572853
경기도,포천시,신북,파출소,127.1709598,37.8622988
경기도,포천시,가산,파출소,127.1846602,37.8462935
경기도,포천시,화현,파출소,127.3016466,37.8969252
경기도,포천시,이동,파출소,127.3664579,38.0332256
경기도,포천시,영북,파출소,127.2738961,38.0916955
경기도,포천시,영중,파출소,127.2427006,38.0025268
경기도,가평군,조종,파출소,127.3478841,37.8188112
경기도,가평군,상면,파출소,127.3573168,37.8050865
경기도,가평군,청평,파출소,127.4183418,37.7373487
경기도,가평군,읍내,파출소,127.516274,37.8234705
경기도,가평군,북면,파출소,127.5496994,37.8858096
경기도,가평군,설악,파출소,127.4907056,37.6776561
경기도,연천군,전곡,파출소,127.0736187,38.0255888
경기도,연천군,청산,파출소,127.0764995,38.0791561
경기도,연천군,연천,파출소,127.0773025,38.0996053
경기도,연천군,신서,파출소,127.1071397,38.1848142
경기도,연천군,백학,파출소,126.9172837,38.0301184
경기도,연천군,왕징,파출소,127.013157,38.0573155
경기도,연천군,군남,파출소,127.0188322,38.0845721
강원도,춘천시,중부,지구대,127.7373062,37.8757546
강원도,춘천시,후평,지구대,127.7481603,37.8828604
강원도,춘천시,서부,지구대,127.7132587,37.874383
강원도,춘천시,남부,지구대,127.7450304,37.8608236
강원도,춘천시,소양로,지구대,127.7162617,37.8827157
강원도,춘천시,남산,파출소,127.6465104,37.7914511
강원도,춘천시,서면,파출소,127.7098303,37.9224981
강원도,춘천시,사북,파출소,127.6409843,38.0294829
강원도,춘천시,신북,파출소,127.7467299,37.9254124
강원도,춘천시,신사우,파출소,127.7284386,37.900855
강원도,강릉시,중부,지구대,128.90028,37.7635208
강원도,강릉시,동부,지구대,128.9263572,37.7741128
강원도,강릉시,남부,지구대,128.8970508,37.7489399
강원도,강릉시,북부,지구대,128.8291061,37.8944461
강원도,강릉시,서부,지구대,128.87551,37.7698253
강원도,강릉시,강동,파출소,128.9546233,37.7265479
강원도,강릉시,옥계,파출소,129.0385791,37.6126701
강원도,원주시,단관,지구대,127.9612606,37.3310484
강원도,원주시,북원,지구대,127.9416262,37.373915
강원도,원주시,단계,지구대,127.9344188,37.3523028
강원도,원주시,봉산,지구대,127.9510269,37.3637729
강원도,원주시,흥업,지구대,127.9187965,37.2999115
강원도,원주시,중앙,지구대,127.9440889,37.3569845
강원도,원주시,문막,파출소,127.8167634,37.3118184
강원도,원주시,부론,파출소,127.7499651,37.2093651
강원도,원주시,지정,지구대,127.876946,37.3772446
강원도,원주시,치악,지구대,127.986561,37.3289815
강원도,동해시,묵호,지구대,129.1069871,37.5504719
강원도,동해시,천곡,지구대,129.1069935,37.5248825
강원도,동해시,북삼,지구대,129.1070494,37.4896063
강원도,동해시,북평,파출소,129.1264642,37.483539
강원도,태백시,황지,지구대,128.9921741,37.1670693
강원도,태백시,장성,파출소,129.0090483,37.1023539
강원도,태백시,소도,파출소,128.9782021,37.1409544
강원도,태백시,철암,파출소,129.0455556,37.1253311
강원도,태백시,통리,파출소,129.038782,37.1723108
강원도,속초시,영랑,지구대,128.5804768,38.1981802
강원도,양양군,양양,지구대,128.618913,38.0747128
강원도,속초시,청초,지구대,128.5860728,38.1898365
강원도,양양군,현남,파출소,128.7599097,37.9695788
강원도,양양군,현북,파출소,128.7230582,38.0195908
강원도,양양군,강현,파출소,128.6079492,38.1491096
강원도,양양군,서면,파출소,128.5857207,38.0715853
강원도,삼척시,하장,파출소,128.944545,37.347595
강원도,삼척시,원덕,파출소,129.3378001,37.1749888
강원도,삼척시,임원,파출소,129.3433285,37.2327924
강원도,삼척시,근덕,파출소,129.2256088,37.3806715
강원도,삼척시,미로,파출소,129.1130871,37.4178714
강원도,삼척시,도계,파출소,129.0455927,37.2326058
강원도,삼척시,성내,파출소,129.1641482,37.4433297
강원도,삼척시,정라,지구대,129.1868024,37.4373557
강원도,영월군,영월,지구대,128.472296,37.1836273
강원도,영월군,남면,파출소,128.3991471,37.1859599
강원도,영월군,주천,파출소,128.2671957,37.2703426
강원도,영월군,한반도,파출소,128.3275679,37.2372731
강원도,영월군,산솔,파출소,128.6806935,37.1456585
강원도,영월군,김삿갓,파출소,128.5705332,37.1289744
강원도,정선군,남면,파출소,128.7391696,37.2666786
강원도,정선군,신동,파출소,128.6450575,37.2201729
강원도,정선군,화암,파출소,128.7886082,37.3378973
강원도,정선군,임계,파출소,128.8505906,37.4950561
강원도,정선군,사북,파출소,128.8201405,37.2278487
강원도,정선군,고한,파출소,128.8498378,37.2040936
강원도,정선군,여량,파출소,128.7239908,37.4719764
강원도,정선군,정선,파출소,128.6655974,37.3800222
강원도,홍천군,희망,지구대,127.8889214,37.6933636
강원도,홍천군,내면,파출소,128.390029,37.7742972
강원도,홍천군,서석,파출소,128.1847774,37.7132744
강원도,홍천군,서면,파출소,127.6623639,37.6833454
강원도,홍천군,남면,파출소,127.7684861,37.6171213
강원도,홍천군,화촌,파출소,127.9673432,37.7715592
강원도,홍천군,두촌,파출소,128.019482,37.8688468
강원도,홍천군,내촌,파출소,128.0873549,37.8161868
강원도,평창군,평창,지구대,128.4016105,37.3700397
강원도,평창군,중부,지구대,128.3788786,37.6020349
강원도,평창군,대화,파출소,128.4560325,37.4989951
강원도,평창군,진부,파출소,128.5578071,37.6369886
강원도,평창군,대관령,파출소,128.7096844,37.6730705
강원도,횡성군,횡성,지구대,127.9851191,37.4879169
강원도,횡성군,둔내,파출소,128.2143493,37.5129087
강원도,횡성군,우천,파출소,128.0673806,37.4571806
강원도,횡성군,안흥,파출소,128.1574563,37.4131936
강원도,횡성군,청일,파출소,128.1489928,37.5828786
강원도,횡성군,서원,파출소,127.8487114,37.4868839
강원도,고성군,간성,파출소,128.4646176,38.3811032
강원도,고성군,토성,파출소,128.5569527,38.2589109
강원도,고성군,죽왕,파출소,128.5263106,38.325894
강원도,고성군,금강,파출소,128.4571149,38.4492435
강원도,인제군,상동,파출소,128.1730866,38.0642767
강원도,인제군,남면,파출소,128.0790549,37.9675196
강원도,인제군,기린,파출소,128.3183695,37.9545823
강원도,인제군,북면,파출소,128.2137811,38.1263961
강원도,인제군,서화,파출소,128.2075493,38.2215235
강원도,철원군,동송,지구대,127.2199391,38.2041414
강원도,철원군,갈말,파출소,127.3134606,38.1483522
강원도,철원군,김화,파출소,127.4435269,38.2426058
강원도,화천군,간동,파출소,127.8127511,38.0545062
강원도,화천군,상서,파출소,127.6555014,38.1570973
강원도,화천군,하리,파출소,127.7049798,38.1027765
강원도,화천군,하남,파출소,127.6673355,38.0587437
강원도,화천군,사내,파출소,127.5225987,38.0700299
강원도,양구군,상리,파출소,127.986192,38.1052543
강원도,양구군,국토정중앙,파출소,128.0341641,38.1080793
강원도,양구군,동면,파출소,128.0437186,38.2015891
강원도,양구군,방산,파출소,127.9522709,38.2076782
강원도,양구군,해안,파출소,128.1373983,38.2856403
충북,청주시,복대,지구대,127.4300963,36.632543
충북,청주시,강서,지구대,127.4253441,36.6265182
충북,청주시,봉명,지구대,127.4564058,36.658161
충북,청주시,옥산,파출소,127.3734019,36.6660623
충북,청주시,오송,파출소,127.4914989,36.6353803
충북,청주시,강내,파출소,127.3628201,36.6238931
충북,청주시,남이,파출소,127.4334709,36.559462
충북,청주시,현도,파출소,127.4241792,36.4867792
충북,청주시,용암,지구대,127.5149721,36.6226089
충북,청주시,분평,지구대,127.4894267,36.6087858
충북,청주시,성안,지구대,127.4907756,36.6365488
충북,청주시,미원,파출소,127.6549305,36.6345508
충북,청주시,남일,파출소,127.5119433,36.5727505
충북,청주시,문의,파출소,127.4975662,36.5136338
충북,청주시,가덕,파출소,127.5413957,36.561404
충북,청주시,내덕,지구대,127.4880473,36.6551109
충북,청주시,사창,지구대,127.4608387,36.6319922
충북,청주시,율량,지구대,127.485673,36.6723767
충북,청주시,서오창,지구대,127.4247003,36.7145531
충북,청주시,오창,지구대,127.4492426,36.7325397
충북,청주시,내수,파출소,127.5402704,36.7246261
충북,충주시,연수,지구대,127.9304288,36.989612
충북,충주시,중앙,지구대,127.9356224,36.9720783
충북,충주시,서충주,지구대,127.8196072,36.9748965
충북,충주시,호암,지구대,127.9235283,36.9700525
충북,충주시,엄정,파출소,127.9141321,37.0861871
충북,충주시,앙성,파출소,127.75337,37.1080938
충북,충주시,금가,파출소,127.9271198,37.043265
충북,충주시,수안보,파출소,127.9899984,36.8477964
충북,충주시,중앙탑,파출소,127.856761,37.0292871
충북,제천시,청전,지구대,128.2181032,37.1532067
충북,제천시,중앙,지구대,128.2117135,37.138791
충북,제천시,강저,지구대,128.202253,37.1240469
충북,제천시,청풍,파출소,128.1676682,37.0004721
충북,제천시,덕산,파출소,128.1656515,36.9097726
충북,제천시,용두,파출소,128.1989928,37.1339379
충북,제천시,봉양,파출소,128.1310066,37.1311579
충북,음성군,설성,지구대,127.6916489,36.9402808
충북,음성군,금왕,지구대,127.5974224,36.9917434
충북,음성군,대소,파출소,127.4847605,36.9676346
충북,음성군,감곡,파출소,127.6363719,37.1188587
충북,음성군,삼성,파출소,127.5039766,37.0211818
충북,음성군,맹동,파출소,127.5650558,36.9267638
충북,음성군,혁신,파출소,127.5464986,36.9045077
충북,영동군,중앙,지구대,127.7835911,36.172504
충북,영동군,황간,파출소,127.9094211,36.2249937
충북,영동군,학산,파출소,127.6837515,36.0991424
충북,영동군,양강,파출소,127.7481013,36.1469372
충북,영동군,상촌,파출소,127.9144974,36.1498124
충북,영동군,용산,파출소,127.8321992,36.2675857
충북,괴산군,괴산,지구대,127.7926162,36.8052602
충북,증평군,증평,지구대,127.5838929,36.7856711
충북,괴산군,칠성,파출소,127.863038,36.7877979
충북,괴산군,청안,파출소,127.639182,36.7719102
충북,괴산군,청천,파출소,127.7355215,36.6603063
충북,괴산군,불정,파출소,127.8548339,36.8722113
충북,괴산군,연풍,파출소,127.9979283,36.765383
충북,단양군,중앙,지구대,128.3678318,36.9801772
충북,단양군,영춘,파출소,128.4832227,37.0795116
충북,단양군,대강,파출소,128.3529504,36.9221153
충북,단양군,가곡,파출소,128.384533,37.0267319
충북,단양군,매포,파출소,128.3007557,37.032597
충북,보은군,읍내,지구대,127.7239181,36.4886783
충북,보은군,속리산,파출소,127.8236342,36.5319283
충북,보은군,내북,파출소,127.664274,36.5789004
충북,보은군,회인,파출소,127.5968244,36.4955444
충북,보은군,삼승,파출소,127.7315835,36.3986797
충북,보은군,마로,파출소,127.815039,36.4364742
충북,옥천군,중앙,지구대,127.5782266,36.3122752
충북,옥천군,청산,파출소,127.7918577,36.3459323
충북,옥천군,청성,파출소,127.7603748,36.3311378
충북,옥천군,이원,파출소,127.6194745,36.2456389
충북,옥천군,군북,파출소,127.5340401,36.3308753
충북,옥천군,안내,파출소,127.6694061,36.3968925
충북,옥천군,동이,파출소,127.6171283,36.2841065
충북,진천군,상산,지구대,127.4395073,36.8533155
충북,진천군,덕산,지구대,127.5068121,36.9127034
충북,진천군,이월,파출소,127.4289403,36.932117
충북,진천군,광혜원,파출소,127.4432379,36.9896606
충북,진천군,초평,파출소,127.5234345,36.845616
충남,천안시,쌍용,지구대,127.1192101,36.8034683
충남,천안시,두정,지구대,127.1319745,36.8332103
충남,천안시,성정,지구대,127.1448525,36.810315
충남,천안시,불당,지구대,127.107972,36.8178031
충남,서북구,직산,파출소,127.147751,36.8783821
충남,천안시,성거,파출소,127.2011406,36.8723728
충남,천안시,성환,파출소,127.128534,36.9170281
충남,천안시,입장,파출소,127.2269475,36.9070757
충남,천안시,목천북면,파출소,127.2357753,36.7857554
충남,천안시,수신성남,파출소,127.2812119,36.731193
충남,천안시,병천동면,파출소,127.2975214,36.7634625
충남,천안시,광덕풍세,파출소,127.1116987,36.698832
충남,천안시,신방,파출소,127.1334555,36.7754206
충남,천안시,문성,파출소,127.1495514,36.8069964
충남,천안시,신안,파출소,127.159801,36.8248582
충남,천안시,남산,지구대,127.1539005,36.7987728
충남,천안시,원성,파출소,127.1591707,36.8045956
충남,천안시,일봉,지구대,127.1355499,36.8003891
충남,천안시,청수,파출소,127.1570404,36.7862869
충남,서산시,대산,지구대,126.4346362,36.9371865
충남,서산시,서부,지구대,126.4477472,36.7741804
충남,서산시,동부,파출소,126.4813145,36.7896531
충남,서산시,해미,파출소,126.5506911,36.7090759
충남,서산시,성연,파출소,126.4610202,36.8374658
충남,서산시,부석,파출소,126.3930123,36.7153958
충남,서산시,팔봉,파출소,126.3490061,36.8129401
충남,아산시,온양,지구대,126.9951282,36.773071
충남,아산시,온천,지구대,127.0114312,36.7823183
충남,아산시,충무,지구대,127.0011026,36.7814029
충남,아산시,장재,파출소,127.0905836,36.7887802
충남,아산시,탕정,파출소,127.0472292,36.7991917
충남,아산시,둔포,파출소,127.0379135,36.9300981
충남,아산시,신창,파출소,126.9361868,36.8037112
충남,아산시,음봉,파출소,127.0124784,36.8490842
충남,아산시,인주,파출소,126.9135927,36.8807616
충남,아산시,도고선장,파출소,126.8689814,36.7611699
충남,아산시,배방,파출소,127.0592525,36.7753887
충남,아산시,영인,파출소,126.9539946,36.8554957
충남,계룡시,계룡,지구대,127.2427867,36.2819526
충남,논산시,논산,지구대,127.0842983,36.2047613
충남,논산시,강경,지구대,127.0149734,36.1542458
충남,논산시,연무,지구대,127.0985025,36.1268026
충남,논산시,상월,파출소,127.1415233,36.2943005
충남,논산시,양촌,파출소,127.2391544,36.1363947
충남,논산시,연산,파출소,127.2002801,36.2127485
충남,공주시,신관,지구대,127.1399317,36.4764264
충남,공주시,금학,지구대,127.1200071,36.4423775
충남,공주시,유구,파출소,126.9508008,36.5548309
충남,공주시,탄천이인,파출소,127.0617353,36.3628521
충남,공주시,반포,파출소,127.251171,36.3957417
충남,공주시,정안,파출소,127.1208161,36.6096015
충남,공주시,계룡,파출소,127.1419414,36.3607784
충남,공주시,우성사곡,파출소,127.0521072,36.4702728
충남,보령시,해수욕장,지구대,126.5147563,36.3116962
충남,보령시,동대,지구대,126.6056555,36.3507579
충남,보령시,미산,파출소,126.6765273,36.2930496
충남,보령시,천북,파출소,126.5274765,36.4804523
충남,보령시,주포,파출소,126.5885542,36.4155407
충남,보령시,대천,파출소,126.5920663,36.3494
충남,보령시,웅천,파출소,126.5932884,36.244192
충남,보령시,오천,파출소,126.5223897,36.4386209
충남,당진시,중앙,지구대,126.6326936,36.8956944
충남,당진시,신평,파출소,126.7728619,36.8855643
충남,당진시,면천,파출소,126.6673761,36.8160425
충남,당진시,합덕,파출소,126.7749426,36.8079268
충남,당진시,석문,지구대,126.5923693,36.9812599
충남,당진시,송악,지구대,126.7436034,36.9383792
충남,당진시,송산,파출소,126.679501,36.9327637
충남,당진시,기지시,파출소,126.6908436,36.9048648
충남,당진시,순성,파출소,126.7143238,36.8435841
충남,홍성군,오관,지구대,126.6658527,36.60042
충남,홍성군,내포,지구대,126.6725586,36.6486612
충남,홍성군,광천,지구대,126.6243443,36.5039843
충남,홍성군,서부결성,파출소,126.513548,36.579171
충남,홍성군,홍동장곡,파출소,126.6874928,36.5593423
충남,홍성군,갈산,파출소,126.5501821,36.6049893
충남,홍성군,금마,파출소,126.7128398,36.6211767
충남,예산군,예산,지구대,126.8318939,36.6860883
충남,예산군,삽교,지구대,126.7381131,36.6885466
충남,예산군,덕산,지구대,126.667719,36.7042886
충남,예산군,대술신양,파출소,126.8923911,36.6573246
충남,예산군,광시대흥,파출소,126.7750376,36.5486399
충남,예산군,신례원신암,파출소,126.8429392,36.7240445
충남,부여군,백강,지구대,126.9101886,36.2809432
충남,부여군,외내산,파출소,126.7032652,36.3005702
충남,부여군,임천,파출소,126.8935728,36.1883789
충남,부여군,세도,파출소,126.9487244,36.1695354
충남,부여군,홍산,파출소,126.7603548,36.2155429
충남,부여군,구룡,파출소,126.809488,36.2493959
충남,부여군,석성,파출소,127.0017906,36.2534173
충남,부여군,규암,파출소,126.8895651,36.2752921
충남,부여군,은산,파출소,126.8539613,36.3086977
충남,서천군,금강,지구대,126.6923048,36.0111061
충남,서천군,서림,지구대,126.6918182,36.0767556
충남,서천군,판교,파출소,126.6920196,36.1536772
충남,서천군,한산,파출소,126.8025458,36.0856908
충남,서천군,비인,파출소,126.601077,36.1416455
충남,서천군,서면,파출소,126.5260746,36.1520018
충남,서천군,마서,파출소,126.7067163,36.0625427
충남,금산군,봉황,지구대,127.5467247,36.1114467
충남,금산군,진악,지구대,127.4888225,36.1027415
충남,금산군,진산,파출소,127.3708092,36.1444138
충남,금산군,복수,파출소,127.3986884,36.1634478
충남,금산군,추부,파출소,127.4668999,36.1912687
충남,청양군,정산,파출소,126.9525354,36.4095105
충남,청양군,칠갑,지구대,126.800205,36.4514694
충남,청양군,장평청남,파출소,126.8932597,36.3423047
충남,청양군,화성남양,파출소,126.7167433,36.4284142
충남,청양군,비봉,파출소,126.7865167,36.5187933
충남,청양군,운곡,파출소,126.8454475,36.5238481
충남,태안군,태안,지구대,126.307369,36.7494682
충남,태안군,안면,파출소,126.3448818,36.5199614
충남,태안군,원북,파출소,126.2581165,36.8249611
충남,태안군,근흥,파출소,126.2278533,36.7130872
충남,태안군,남면,파출소,126.2971703,36.674325
충남,태안군,소원,파출소,126.1955021,36.7592676
전북,전주시,서신,지구대,127.1114189,35.8353345
전북,전주시,남문,지구대,127.1460345,35.823571
전북,전주시,삼천,지구대,127.1210866,35.7997499
전북,전주시,화산,지구대,127.126783,35.8120041
전북,전주시,효자,지구대,127.1240359,35.8062248
전북,전주시,서부,지구대,127.0961485,35.8213045
전북,전주시,평화,지구대,127.1357306,35.7909421
전북,전주시,서학,파출소,127.1516283,35.8074952
전북,전주시,덕진,지구대,127.1238387,35.8433031
전북,전주시,아중,지구대,127.1638466,35.8357197
전북,전주시,모래내,지구대,127.1464716,35.8344259
전북,전주시,호성,파출소,127.1493881,35.8639733
전북,전주시,역전,파출소,127.1603751,35.8500353
전북,전주시,여의,파출소,127.0761303,35.8727427
전북,전주시,팔복,파출소,127.1079765,35.856102
전북,전주시,솔내,파출소,127.1235581,35.8587493
전북,전주시,송천2,파출소,127.1184202,35.8578014
전북,전주시,진북,파출소,127.1326519,35.8268731
전북,전주시,혁신,파출소,127.0626925,35.8393447
전북,군산시,나운,지구대,126.697554,35.9671105
전북,군산시,임피,파출소,126.8513349,35.9839575
전북,군산시,성산,파출소,126.7843233,35.9905433
전북,군산시,나포,파출소,126.8315887,36.0310917
전북,군산시,서수,파출소,126.8753457,35.9829503
전북,군산시,대야,파출소,126.809847,35.9458175
전북,군산시,개정,파출소,126.7676869,35.9628313
전북,군산시,회현,파출소,126.7561441,35.9134766
전북,군산시,은파,지구대,126.7047439,35.9592844
전북,군산시,옥산,파출소,126.7488238,35.9421236
전북,군산시,옥구,파출소,126.7004792,35.9719459
전북,군산시,개야도,파출소,126.5549034,36.0347453
전북,군산시,어청도,파출소,125.9800125,36.1204071
전북,군산시,선유도,파출소,126.4146288,35.8135085
전북,군산시,옥서,파출소,126.6467156,35.9265959
전북,군산시,비응,파출소,126.5660943,35.9639443
전북,군산시,중앙,파출소,126.7265039,35.9834725
전북,군산시,개복,파출소,126.7130169,35.9850319
전북,군산시,경장,지구대,126.7348581,35.9748638
전북,군산시,서해,지구대,126.6575546,35.9572698
전북,군산시,수송,지구대,126.7270041,35.9647589
전북,익산시,신동,지구대,126.9541993,35.9644305
전북,익산시,부송팔봉,지구대,126.9846164,35.9586712
전북,익산시,중앙,지구대,126.9548292,35.9418591
전북,익산시,평화,지구대,126.9467753,35.93073
전북,익산시,금마,파출소,127.0529681,35.9913425
전북,익산시,여산,파출소,127.0851517,36.0585479
전북,익산시,왕궁,파출소,127.08937,35.9668932
전북,익산시,용안,파출소,126.9539618,36.1174803
전북,익산시,망성,파출소,127.0187678,36.1377931
전북,익산시,황등,파출소,126.9446909,36.0024618
전북,익산시,삼기,파출소,126.9806102,36.0219334
전북,익산시,함라,파출소,126.9113208,36.0609796
전북,익산시,함열,파출소,126.9581394,36.0787088
전북,익산시,낭산,파출소,127.0107045,36.0782079
전북,익산시,웅포,파출소,126.8763014,36.0640632
전북,익산시,성당,파출소,126.9382664,36.0869431
전북,익산시,용동,파출소,126.9924702,36.1098523
전북,익산시,오산,파출소,126.9139439,35.9377739
전북,익산시,춘포,파출소,126.9796798,35.9184143
전북,정읍시,중앙,지구대,126.8615342,35.5846578
전북,정읍시,상동,지구대,126.8646572,35.5596035
전북,정읍시,태인,파출소,126.9434157,35.6517586
전북,정읍시,북면,파출소,126.890876,35.6076176
전북,정읍시,칠보,파출소,126.9909882,35.6043694
전북,정읍시,산외,파출소,127.0062076,35.5981145
전북,정읍시,산내,파출소,127.0217575,35.5708502
전북,정읍시,농소,파출소,126.8279979,35.5834981
전북,정읍시,입암,파출소,126.7935038,35.5049686
전북,정읍시,과교,파출소,126.8472484,35.5236108
전북,정읍시,고부,파출소,126.7729971,35.6188768
전북,정읍시,이평,파출소,126.8433532,35.5967696
전북,정읍시,신태인,파출소,126.8883287,35.6887571
전북,정읍시,감곡,파출소,126.9281017,35.7143364
전북,정읍시,소성,파출소,126.776646,35.5553627
전북,정읍시,역전,지구대,126.8433303,35.5753451
전북,남원시,중앙,지구대,127.3805835,35.4119454
전북,남원시,도통,지구대,127.4099697,35.4241621
전북,남원시,금지,파출소,127.3048653,35.3566482
전북,남원시,운봉,파출소,127.5303528,35.4360477
전북,남원시,인월,파출소,127.6013707,35.4606045
전북,남원시,산내,파출소,127.6282407,35.4201276
전북,남원시,아영,파출소,127.6117343,35.5072038
전북,남원시,송동,파출소,127.3369738,35.3550889
전북,남원시,대강,파출소,127.2919769,35.3167409
전북,남원시,사매,파출소,127.3602858,35.4989036
전북,남원시,보절,파출소,127.4019218,35.5131785
전북,김제시,신풍,지구대,126.8987564,35.8004427
전북,김제시,월촌,지구대,126.8474568,35.7443884
전북,김제시,백산,파출소,126.8927787,35.828589
전북,김제시,용지,파출소,126.9549331,35.8530658
전북,김제시,공덕,파출소,126.9297988,35.8747367
전북,김제시,백구,파출소,126.9676296,35.8933188
전북,김제시,금산,파출소,126.9939449,35.7162748
전북,김제시,금구,파출소,127.0103498,35.7758071
전북,김제시,봉남,파출소,126.9899146,35.7317436
전북,김제시,만경,파출소,126.819369,35.8540003
전북,김제시,진봉,파출소,126.7898725,35.8105268
전북,김제시,죽산,파출소,126.8144448,35.7689882
전북,완주군,소양,파출소,127.2330799,35.8553884
전북,완주군,상관,파출소,127.2086979,35.7697857
전북,완주군,이서,파출소,127.0221012,35.8204996
전북,완주군,고산,파출소,127.2072307,35.9750662
전북,완주군,화산,파출소,127.2006371,36.0340296
전북,완주군,운주,파출소,127.2778611,36.0930757
전북,완주군,구이,파출소,127.1196487,35.7334838
전북,완주군,둔산,파출소,127.1286136,35.9611911
전북,완주군,봉동,파출소,127.1681744,35.9395074
전북,완주군,용진,파출소,127.1562787,35.8824444
전북,완주군,삼례,파출소,127.070395,35.908678
전북,고창군,모양,지구대,126.6953767,35.4274616
전북,고창군,대산,파출소,126.6007903,35.3392003
전북,고창군,공음,파출소,126.5123627,35.3782345
전북,고창군,성송,파출소,126.6459534,35.3650329
전북,고창군,아산,파출소,126.6357797,35.4399081
전북,고창군,해리,파출소,126.5417814,35.4569164
전북,고창군,무장,파출소,126.5620393,35.4166639
전북,고창군,흥덕,파출소,126.7016994,35.5212396
전북,고창군,부안,파출소,126.6710274,35.5132895
전북,부안군,서림,지구대,126.7361814,35.7318786
전북,부안군,진서,파출소,126.6134511,35.5888819
전북,부안군,보안,파출소,126.6685658,35.611513
전북,부안군,줄포,파출소,126.676069,35.5895229
전북,부안군,위도,파출소,126.2953721,35.6045847
전북,부안군,격포,파출소,126.4722388,35.6261452
전북,부안군,하서,파출소,126.660565,35.7145943
전북,부안군,계화,파출소,126.6986911,35.7615185
전북,부안군,상서,파출소,126.6774984,35.6856522
전북,부안군,주산,파출소,126.7150453,35.6748107
전북,임실군,오수,지구대,127.3292871,35.5457504
전북,임실군,운수,파출소,127.2837675,35.6180746
전북,임실군,강진,파출소,127.1591449,35.5290817
전북,임실군,하운암,파출소,127.1245563,35.5939037
전북,임실군,관촌,파출소,127.2697278,35.6737293
전북,임실군,신평,파출소,127.2253364,35.6562003
전북,순창군,팔덕,파출소,127.0968041,35.3919041
전북,순창군,쌍치,파출소,127.0014086,35.5001537
전북,순창군,복흥,파출소,126.930642,35.4313877
전북,순창군,구림,파출소,127.101681,35.4523589
전북,순창군,남계,파출소,127.1445073,35.3693204
전북,순창군,순화,파출소,127.1391032,35.3766553
전북,순창군,동계,파출소,127.2374903,35.4389252
전북,진안군,동향안천,파출소,127.5686221,35.8395577
전북,진안군,마령,파출소,127.3705642,35.7334897
전북,진안군,백운,파출소,127.3973408,35.692084
전북,진안군,성수,파출소,127.323371,35.7074824
전북,진안군,부귀,파출소,127.3640111,35.8373602
전북,진안군,주천용담,파출소,127.4255332,35.9737322
전북,진안군,마이,파출소,127.4233859,35.7867799
전북,진안군,정천상전,파출소,127.4243449,35.8730682
전북,장수군,장수,파출소,127.5202216,35.6524361
전북,장수군,번암,파출소,127.5436506,35.530879
전북,장수군,산서,파출소,127.3946029,35.5849086
전북,장수군,장계,파출소,127.582682,35.7312846
전북,장수군,천천,파출소,127.534115,35.7378214
전북,장수군,계북,파출소,127.6119357,35.7852017
전북,무주군,주계,파출소,127.6673676,36.0074899
전북,무주군,설천,파출소,127.7846743,36.0119129
전북,무주군,구천,파출소,127.7756714,35.9003494
전북,무주군,안성,파출소,127.6543411,35.865712
전북,무주군,적상,파출소,127.6593749,35.9443216
전북,무주군,무풍,파출소,127.847712,35.9693864
전북,무주군,부남,파출소,127.5596025,35.9711806
전남,목포시,하당,지구대,126.419118,34.7987193
전남,목포시,역전,파출소,126.3857563,34.7903763
전남,목포시,중앙,파출소,126.3799154,34.7946162
전남,목포시,연동,파출소,126.3943811,34.8036864
전남,목포시,삼학,파출소,126.400772,34.7873747
전남,목포시,산정,파출소,126.3846368,34.8040802
전남,목포시,죽교,파출소,126.3717373,34.8009879
전남,목포시,용당,파출소,126.3961158,34.8122903
전남,목포시,상동,파출소,126.4166151,34.8101792
전남,목포시,이로,파출소,126.4237817,34.8097405
전남,목포시,부주,파출소,126.4477932,34.8102565
전남,여수시,쌍봉,지구대,127.6649409,34.7636772
전남,여수시,소라,파출소,127.6310548,34.7980613
전남,여수시,삼일,파출소,127.6872174,34.8266514
전남,여수시,돌산,파출소,127.7218965,34.617335
전남,여수시,화양,파출소,127.6137354,34.7084532
전남,여수시,율촌,파출소,127.5777903,34.8836097
전남,여수시,만흥,파출소,127.7448054,34.7744363
전남,여수시,화정,파출소,127.6405278,34.6193491
전남,여수시,남면,파출소,127.7683903,34.5086811
전남,여수시,삼산,파출소,127.311466,34.0254886
전남,여수시,중앙,파출소,127.7479536,34.7451172
전남,여수시,동문,파출소,127.7450345,34.73899
전남,여수시,봉산,파출소,127.7228809,34.7311166
전남,여수시,남산,파출소,127.7306247,34.7373092
전남,여수시,여문,파출소,127.7052388,34.7515031
전남,여수시,미평,파출소,127.7021167,34.7662349
전남,여수시,광무,파출소,127.727524,34.7537096
전남,여수시,신기,파출소,127.6753024,34.7594503
전남,순천시,금당,지구대,127.5268294,34.9471917
전남,순천시,왕조,지구대,127.5227282,34.9691082
전남,순천시,남문,파출소,127.4881941,34.9470982
전남,순천시,북문,파출소,127.484952,34.9648342
전남,순천시,별량,파출소,127.4541037,34.8757072
전남,순천시,낙안,파출소,127.3446673,34.906907
전남,순천시,황전,파출소,127.4301577,35.1035379
전남,순천시,송광,파출소,127.2641717,34.9732616
전남,순천시,주암,파출소,127.23477,35.0764471
전남,순천시,승주,파출소,127.3887455,35.0144094
전남,순천시,해룡,파출소,127.5368652,34.9147236
전남,순천시,연향,파출소,127.5180929,34.9471754
전남,순천시,역전,파출소,127.501469,34.9461438
전남,순천시,남도,파출소,127.4901701,34.9356129
전남,순천시,서면,파출소,127.4795471,35.0056469
전남,순천시,삼산,파출소,127.4888268,34.9668608
전남,순천시,신대,파출소,127.5531899,34.931525
전남,나주시,금성,지구대,126.7214133,35.0280891
전남,나주시,왕곡,파출소,126.6708112,34.9683428
전남,나주시,공산,파출소,126.6073927,34.9428712
전남,나주시,금천,파출소,126.7534241,35.031559
전남,나주시,노안,파출소,126.7326261,35.0768722
전남,나주시,남평,파출소,126.841648,35.0473964
전남,나주시,봉황,파출소,126.7796736,34.9560457
전남,나주시,산포,파출소,126.8016708,35.0371019
전남,나주시,영산,파출소,126.7103245,34.9980278
전남,나주시,다시,파출소,126.6378114,35.017706
전남,나주시,빛가람,지구대,126.7960034,35.0140243
전남,광양시,읍내,지구대,127.5910546,34.9707637
전남,광양시,중마,지구대,127.6941814,34.9388308
전남,광양시,진상,파출소,127.7192035,35.0199327
전남,광양시,옥룡,파출소,127.6192606,35.0167035
전남,광양시,골약,파출소,127.6731001,34.9353593
전남,광양시,광영,파출소,127.7191818,34.962131
전남,광양시,옥곡,파출소,127.6983302,34.9896747
전남,광양시,태금,파출소,127.6959809,34.9406743
전남,고흥군,포두,파출소,127.3412308,34.5698427
전남,고흥군,대서,파출소,127.283755,34.7712178
전남,고흥군,봉래,파출소,127.4579204,34.4637577
전남,고흥군,도화,파출소,127.3194426,34.509908
전남,고흥군,금산,파출소,127.1229489,34.4567019
전남,고흥군,동강,파출소,127.3332554,34.7806399
전남,고흥군,읍내,파출소,127.2877589,34.6087486
전남,고흥군,녹동,파출소,127.1355545,34.5281906
전남,고흥군,풍양,파출소,127.2435368,34.5760737
전남,고흥군,과역,파출소,127.3616064,34.6772023
전남,고흥군,점암,파출소,127.3796632,34.6542083
전남,고흥군,영남,파출소,127.4523747,34.602702
전남,해남군,읍내,지구대,126.5985806,34.5653787
전남,해남군,화원,파출소,126.3269172,34.6664728
전남,해남군,화산,파출소,126.5148646,34.4915538
전남,해남군,산이,파출소,126.4473238,34.6444314
전남,해남군,송지,파출소,126.5190497,34.3691892
전남,해남군,북평,파출소,126.6276819,34.4054503
전남,해남군,문내,파출소,126.3091398,34.5920621
전남,해남군,삼산,파출소,126.5654541,34.4872725
전남,해남군,황산,파출소,126.4307634,34.5756859
전남,해남군,마산,파출소,126.5709864,34.6184141
전남,해남군,옥천,파출소,126.6472552,34.5674964
전남,해남군,현산,파출소,126.5527172,34.4582492
전남,무안군,남악,지구대,126.4769535,34.8119049
전남,무안군,해제,파출소,126.2969272,35.1137895
전남,무안군,일로,파출소,126.4927034,34.8496255
전남,무안군,승달,파출소,126.473657,34.9884774
전남,무안군,청계,파출소,126.430474,34.9102571
전남,무안군,현경,파출소,126.4097884,35.0215841
전남,무안군,운남,파출소,126.3400405,34.9601885
전남,장흥군,읍내,지구대,126.9083485,34.6813238
전남,장흥군,안양,파출소,126.9716802,34.6490073
전남,장흥군,관산,파출소,126.937724,34.5641587
전남,장흥군,대덕,파출소,126.8885135,34.4993284
전남,장흥군,회진,파출소,126.9397943,34.4842335
전남,장흥군,장평,파출소,126.9759457,34.7747421
전남,장흥군,용산,파출소,126.9133101,34.6172294
전남,보성군,회천,파출소,127.0917493,34.6729302
전남,보성군,예당,파출소,127.1963608,34.7776767
전남,보성군,읍내,파출소,127.0891431,34.7763087
전남,보성군,미력,파출소,127.0873386,34.8002829
전남,보성군,벌교,파출소,127.3443729,34.8447677
전남,보성군,조성,파출소,127.2451342,34.8074217
전남,보성군,복내,파출소,127.1324999,34.892507
전남,보성군,겸백,파출소,127.1527478,34.8288182
전남,영광군,읍내,지구대,126.5065372,35.2756113
전남,영광군,낙월,파출소,126.1360058,35.2018014
전남,영광군,백수,파출소,126.4241222,35.280965
전남,영광군,염산,파출소,126.376155,35.2187174
전남,영광군,군남,파출소,126.451107,35.2416828
전남,영광군,법성,파출소,126.4420411,35.3610797
전남,영광군,홍농,파출소,126.4451658,35.3954954
전남,영광군,대마,파출소,126.5792316,35.3014357
전남,화순군,읍내,지구대,126.9930193,35.0544803
전남,화순군,도곡,파출소,126.9170257,34.997569
전남,화순군,사평,파출소,127.0943857,35.0077475
전남,화순군,능주,파출소,126.9605315,34.9901431
전남,화순군,역전,파출소,126.9618196,35.0520359
전남,화순군,동복,파출소,127.1276702,35.070595
전남,화순군,동면,파출소,127.0409174,35.0306024
전남,화순군,이양,파출소,126.9891364,34.8915616
전남,함평군,남부,파출소,126.5378325,35.0165155
전남,함평군,읍내,파출소,126.5265088,35.0583547
전남,함평군,대동,파출소,126.5310969,35.0684153
전남,함평군,해보,파출소,126.6013595,35.1820413
전남,함평군,월야,파출소,126.6318415,35.1790995
전남,함평군,나산,파출소,126.6097463,35.1130583
전남,함평군,서부,파출소,126.4330723,35.1419449
전남,영암군,삼호,지구대,126.4563471,34.755309
전남,영암군,신북,파출소,126.6928072,34.890548
전남,영암군,시종,파출소,126.6106855,34.8689502
전남,영암군,읍내,파출소,126.7006592,34.8037728
전남,영암군,군서,파출소,126.6318243,34.7619684
전남,영암군,학산,파출소,126.5679774,34.7261516
전남,장성군,진남,파출소,126.8120186,35.2453945
전남,장성군,북이,파출소,126.810159,35.4309186
전남,장성군,북일,파출소,126.8068798,35.375463
전남,장성군,읍내,파출소,126.7806444,35.2992808
전남,장성군,삼계,파출소,126.6657171,35.2591476
전남,장성군,삼서,파출소,126.6471959,35.2349573
전남,장성군,북하,파출소,126.8820104,35.4074312
전남,강진군,읍내,지구대,126.7755192,34.6370991
전남,강진군,도암,파출소,126.7279609,34.5445388
전남,강진군,작천,파출소,126.7723074,34.7040167
전남,강진군,성전,파출소,126.7081631,34.6910941
전남,강진군,칠량,파출소,126.7986138,34.5723702
전남,강진군,마량,파출소,126.8163212,34.4523778
전남,강진군,군동,파출소,126.8160763,34.6450717
전남,담양군,금성,파출소,127.0264575,35.3440361
전남,담양군,대전,파출소,126.8883603,35.2767122
전남,담양군,수북,파출소,126.9295659,35.3019525
전남,담양군,고서,파출소,126.9727252,35.2233393
전남,담양군,창평,파출소,127.0181891,35.238968
전남,담양군,중앙,파출소,126.9824072,35.3196519
전남,곡성군,읍내,파출소,127.2923872,35.279723
전남,곡성군,석곡,파출소,127.2535023,35.1325781
전남,곡성군,입면,파출소,127.2039124,35.2972911
전남,곡성군,삼기,파출소,127.2111039,35.2348356
전남,곡성군,옥과,파출소,127.1362383,35.2766808
전남,곡성군,오곡,파출소,127.313484,35.2729579
전남,곡성군,죽곡,파출소,127.3197991,35.1511049
전남,완도군,읍내,지구대,126.7418325,34.3170977
전남,완도군,군외,파출소,126.6492368,34.3899777
전남,완도군,금일,파출소,127.0295997,34.3486093
전남,완도군,보길,파출소,126.5855283,34.1635748
전남,완도군,청산,파출소,126.8584694,34.1802734
전남,완도군,소안,파출소,126.6513735,34.1734392
전남,완도군,금당,파출소,127.0718681,34.4296223
전남,완도군,약산,파출소,126.8984279,34.3936199
전남,완도군,고금,파출소,126.8015997,34.3957929
전남,완도군,신지,파출소,126.8270815,34.3340625
전남,완도군,노화,파출소,126.5702474,34.1777494
전남,진도군,조도,파출소,126.0504478,34.2986509
전남,진도군,의신,파출소,126.2799634,34.4404373
전남,진도군,읍내,파출소,126.2625904,34.4812951
전남,진도군,고군,파출소,126.34182,34.4925278
전남,진도군,임회,파출소,126.1911895,34.4058318
전남,진도군,군내,파출소,126.2974702,34.5373389
전남,진도군,지산,파출소,126.1678256,34.4244581
전남,구례군,읍내,파출소,127.4653905,35.2091562
전남,구례군,광의,파출소,127.4414667,35.2608164
전남,구례군,간전,파출소,127.542134,35.1751535
전남,구례군,산동,파출소,127.4385603,35.314103
전남,구례군,토지,파출소,127.5250585,35.1984436
전남,구례군,마산,파출소,127.4871743,35.2224652
전남,신안군,흑산,파출소,125.4454076,34.6853756
전남,신안군,하의,파출소,126.0370206,34.6060772
전남,신안군,안좌,파출소,126.1271001,34.7546463
전남,신안군,팔금,파출소,126.1424193,34.7820561
전남,신안군,지도,파출소,126.208024,35.0607279
전남,신안군,임자,파출소,126.1111968,35.0847108
전남,신안군,자은,파출소,126.0442176,34.8866371
전남,신안군,암태,파출소,126.1142189,34.8297439
전남,신안군,비금,파출소,125.9272928,34.7557526
전남,신안군,도초,파출소,125.9544526,34.7025666
전남,신안군,장산,파출소,126.1481785,34.6419405
전남,신안군,가거,파출소,125.1256711,34.0521723
전남,신안군,압해,파출소,126.3146741,34.8648558
전남,신안군,증도,파출소,126.137931,35.0020341
전남,신안군,신의,파출소,126.0896466,34.5853255
경북,경주시,산내,파출소,129.0472629,35.7580503
경북,경주시,양남,파출소,129.4623718,35.676013
경북,경주시,외동,파출소,129.323813,35.7154701
경북,경주시,불국,파출소,129.300523,35.7743161
경북,경주시,역전,파출소,129.2175239,35.8448447
경북,경주시,보문,파출소,129.2870528,35.8346839
경북,경주시,건천,파출소,129.1034004,35.8498945
경북,경주시,서면,파출소,129.1092385,35.8446223
경북,경주시,안강,파출소,129.2245589,35.9925799
경북,경주시,강동,파출소,129.273244,35.9870441
경북,경주시,감포,파출소,129.5037832,35.8036159
경북,경주시,문무대왕,파출소,129.4422002,35.791753
경북,경주시,중앙,파출소,129.207283,35.8440107
경북,경주시,황남,파출소,129.2096244,35.8349114
경북,경주시,충효,파출소,129.1853612,35.8437152
경북,경주시,내남,파출소,129.2054765,35.774315
경북,경주시,황성,파출소,129.2192235,35.8604195
경북,경주시,성건,파출소,129.2071035,35.8555398
경북,경주시,현곡,파출소,129.1790477,35.8860561
경북,경주시,동천,파출소,129.2302337,35.8514297
경북,경주시,용강,파출소,129.2245808,35.8682511
경북,경주시,천북,파출소,129.2688587,35.8966048
경북,포항시,환여,파출소,129.3891758,36.0669852
경북,포항시,신광,파출소,129.260413,36.1282771
경북,포항시,송라,파출소,129.3584583,36.2285371
경북,포항시,죽장,파출소,129.3548049,36.0395397
경북,포항시,기계,파출소,129.2065821,36.0711614
경북,포항시,기북,파출소,129.1656688,36.1279209
경북,포항시,흥해,파출소,129.3522269,36.1093596
경북,포항시,청하,파출소,129.3393698,36.1951914
경북,포항시,양학,파출소,129.35132,36.0245646
경북,포항시,죽도,파출소,129.362132,36.0274974
경북,포항시,덕산,파출소,129.3655582,36.0440861
경북,포항시,용당,파출소,129.3607551,36.0364622
경북,포항시,장성,파출소,129.3816517,36.0785176
경북,포항시,학산,파출소,129.3737464,36.0529417
경북,포항시,양덕,파출소,129.3892175,36.090182
경북,포항시,효곡대이,지구대,129.3380007,36.0110873
경북,포항시,상대,지구대,129.3592174,36.0154179
경북,포항시,구룡포,파출소,129.5513136,36.0606434
경북,포항시,장기,파출소,129.4933449,35.895411
경북,포항시,동해,파출소,129.4458215,35.9881254
경북,포항시,제철,파출소,129.403661,35.9956648
경북,포항시,호미곶,파출소,129.5633965,36.0772667
경북,포항시,송도,파출소,129.3808913,36.0305633
경북,포항시,대송,파출소,129.3637105,35.9851666
경북,포항시,연일,파출소,129.3463397,35.9972321
경북,포항시,오천,파출소,129.4155601,35.9670641
경북,포항시,문덕,파출소,129.4088998,35.9665837
경북,포항시,해도,파출소,129.3707998,36.022532
경북,구미시,상림,지구대,128.3597627,36.0846891
경북,구미시,원평,지구대,128.3192296,36.1302561
경북,구미시,형곡,지구대,128.3343574,36.113532
경북,구미시,도량,지구대,128.3307864,36.1440234
경북,구미시,봉곡,파출소,128.3047785,36.1511856
경북,구미시,도개,파출소,128.3296662,36.3009384
경북,구미시,장천,파출소,128.4954802,36.124889
경북,구미시,고아,파출소,128.3469569,36.1395073
경북,구미시,산동,파출소,128.4350688,36.1693675
경북,구미시,해평,파출소,128.3910856,36.1987297
경북,구미시,선산,파출소,128.2996158,36.2429488
경북,구미시,무을,파출소,128.1940973,36.2615525
경북,구미시,옥성,파출소,128.3220003,36.2752012
경북,구미시,양포,파출소,128.4178893,36.1473203
경북,구미시,신평,파출소,128.3607765,36.1218643
경북,구미시,인동,파출소,128.4220212,36.1075321
경북,구미시,진평,파출소,128.4254982,36.0952712
경북,경산시,서부,지구대,128.7206676,35.8226595
경북,경산시,중앙,파출소,128.7415318,35.824182
경북,경산시,자인,파출소,128.8235215,35.8203675
경북,경산시,동부,파출소,128.7480297,35.8196262
경북,경산시,하양,파출소,128.8253159,35.9273037
경북,경산시,압량,파출소,128.7610431,35.843889
경북,경산시,진량,파출소,128.8121612,35.8751451
경북,경산시,와촌,파출소,128.8359364,35.9466801
경북,안동시,역전,지구대,128.733482,36.5629408
경북,안동시,송하,지구대,128.6916978,36.5726802
경북,안동시,태화,지구대,128.7137053,36.5626102
경북,안동시,길안,파출소,128.8920922,36.4585907
경북,안동시,풍천,파출소,128.4983878,36.5771598
경북,안동시,예안,파출소,128.8844847,36.6615606
경북,안동시,풍산,파출소,128.5759436,36.5785046
경북,안동시,임하,파출소,128.8305318,36.5245529
경북,안동시,남선,파출소,128.7707444,36.526333
경북,안동시,강남,파출소,128.7195434,36.5524726
경북,안동시,용상,파출소,128.7593283,36.5544699
경북,안동시,임동,파출소,128.9186195,36.5669932
경북,안동시,일직,파출소,128.6612602,36.4753234
경북,안동시,도산,파출소,128.833576,36.7411324
경북,안동시,북후,파출소,128.7029792,36.6868139
경북,안동시,와룡,파출소,128.7670152,36.6178922
경북,안동시,옥동,지구대,128.6857143,36.5581062
경북,김천시,아포,파출소,128.2579193,36.1594523
경북,김천시,남부,파출소,128.027104,35.9850277
경북,김천시,대덕,파출소,127.9668707,35.9163095
경북,김천시,역전,파출소,128.1151807,36.1230913
경북,김천시,구성,파출소,128.041056,36.0296747
경북,김천시,중앙,지구대,128.148889,36.118809
경북,김천시,자산,파출소,128.1270949,36.11942
경북,김천시,조마,파출소,128.0982402,36.0346708
경북,김천시,서부,지구대,128.0893437,36.1257721
경북,김천시,직지,파출소,128.0181515,36.116674
경북,김천시,북부,지구대,128.089578,36.1364162
경북,김천시,어모,파출소,128.1175634,36.1788247
경북,김천시,감문,파출소,128.1479081,36.1466421
경북,김천시,동부,지구대,128.1895933,36.1244657
경북,영주시,신영주,지구대,128.6242067,36.811454
경북,영주시,서부,지구대,128.6180753,36.8225074
경북,영주시,동부,지구대,128.6352377,36.82941
경북,영주시,부석,파출소,128.6561862,36.9796996
경북,영주시,장수,파출소,128.5738045,36.7752191
경북,영주시,안정,파출소,128.6029025,36.8316601
경북,영주시,순흥,파출소,128.5754804,36.9152711
경북,영주시,풍기,파출소,128.5240676,36.8708292
경북,영천시,금호,파출소,128.8743896,35.9318143
경북,영천시,고경,파출소,129.0473797,36.0016301
경북,영천시,임고,파출소,128.9742377,36.0157294
경북,영천시,화산,파출소,128.8577751,36.0186828
경북,영천시,신녕,파출소,128.7875978,36.0425434
경북,영천시,화남,파출소,128.891493,36.060292
경북,영천시,북안,파출소,129.0086879,35.9175933
경북,영천시,대창,파출소,128.8957143,35.8760473
경북,영천시,동부,지구대,128.9570014,35.9875322
경북,영천시,남부,지구대,128.9408555,35.965173
경북,영천시,중앙,파출소,128.9325489,35.9677614
경북,영천시,청통,파출소,128.8194169,35.9956258
경북,상주시,중앙,지구대,128.1557308,36.4153816
경북,상주시,동문,지구대,128.179109,36.4181788
경북,상주시,모동,파출소,127.9599298,36.31906
경북,상주시,화북,파출소,127.9194857,36.5623038
경북,상주시,은척,파출소,128.0737179,36.5335049
경북,상주시,낙동,파출소,128.2974069,36.3645707
경북,상주시,화동,파출소,127.9539303,36.3890315
경북,상주시,사벌국,파출소,128.2093279,36.4678242
경북,상주시,청리,파출소,128.1306265,36.3395711
경북,상주시,공성,파출소,128.0934989,36.2848631
경북,상주시,공검,파출소,128.1564504,36.5127688
경북,상주시,함창,파출소,128.1769979,36.5686704
경북,상주시,화서,파출소,127.949034,36.4445285
경북,문경시,농암,파출소,128.0024595,36.598488
경북,문경시,가은,파출소,128.0636789,36.6431625
경북,문경시,산북,파출소,128.2606062,36.6560882
경북,문경시,산양,파출소,128.2586551,36.6111129
경북,문경시,점촌,파출소,128.2008813,36.6017434
경북,문경시,남부,파출소,128.1889581,36.5938502
경북,문경시,문경,파출소,128.1071679,36.7375418
경북,문경시,마성,파출소,128.1497752,36.6464829
경북,칠곡군,왜관,지구대,128.3973981,35.9906818
경북,칠곡군,석적,지구대,128.394043,36.0764156
경북,칠곡군,북삼,지구대,128.3434003,36.0627365
경북,칠곡군,동명,파출소,128.5537376,35.9807156
경북,칠곡군,지천,파출소,128.4893136,35.9561195
경북,칠곡군,가산,파출소,128.5389996,36.0864866
경북,칠곡군,약목,파출소,128.3646893,36.0334174
경북,의성군,의성,지구대,128.7030933,36.3538509
경북,의성군,안평,파출소,128.5804169,36.3769867
경북,의성군,단밀,파출소,128.3829123,36.3764221
경북,의성군,봉양,파출소,128.579339,36.2991962
경북,의성군,안계,파출소,128.436699,36.3845471
경북,의성군,춘산,파출소,128.8130461,36.2376233
경북,의성군,금성,파출소,128.6811381,36.2558232
경북,의성군,옥산,파출소,128.8050572,36.3945468
경북,의성군,다인,파출소,128.3554009,36.4486518
경북,청도군,풍각,파출소,128.6179959,35.6418914
경북,청도군,이서,파출소,128.6672735,35.6628011
경북,청도군,중앙,파출소,128.7454936,35.6414853
경북,청도군,화양,파출소,128.7050937,35.6480289
경북,청도군,금천,파출소,128.8912087,35.6928625
경북,청도군,매전,파출소,128.8569899,35.6680089
경북,영덕군,남정,파출소,129.3723938,36.2844144
경북,영덕군,영덕,파출소,129.3702285,36.4105868
경북,영덕군,강구,파출소,129.3787112,36.3580947
경북,영덕군,영해,파출소,129.4075626,36.5368557
경북,영덕군,축산,파출소,129.4419429,36.5054003
경북,영덕군,병곡,파출소,129.4109141,36.6014102
경북,울진군,기성,파출소,129.4528946,36.7989094
경북,울진군,북면,파출소,129.3732359,37.1020924
경북,울진군,죽변,파출소,129.4217167,37.0596752
경북,울진군,울진,파출소,129.4028543,36.9963375
경북,울진군,근남,파출소,129.395943,36.9630066
경북,울진군,후포,파출소,129.4430846,36.6766029
경북,울진군,평해,파출소,129.441479,36.726031
경북,울진군,금강송,파출소,129.2495595,36.9362075
경북,봉화군,석포,파출소,129.0623205,37.0445422
경북,봉화군,춘양,파출소,128.912983,36.9370009
경북,봉화군,소천,파출소,129.0015377,36.9400269
경북,봉화군,명호,파출소,128.8981243,36.8559751
경북,봉화군,봉화,파출소,128.7278673,36.8920235
경북,봉화군,물야,파출소,128.7362317,36.974346
경북,예천군,예천,지구대,128.445953,36.6496446
경북,예천군,용궁,파출소,128.275152,36.6071376
경북,예천군,풍양,파출소,128.2993385,36.5107925
경북,예천군,용문,파출소,128.4097194,36.6882922
경북,예천군,호명,지구대,128.4686864,36.5954037
경북,예천군,지보,파출소,128.3892532,36.5459602
경북,예천군,감천,파출소,128.4568923,36.6593091
경북,예천군,은풍,파출소,128.4425939,36.7446435
경북,성주군,벽진,파출소,128.2171845,35.9490429
경북,성주군,수륜,파출소,128.1926717,35.8328946
경북,성주군,가천,파출소,128.1654072,35.8849962
경북,성주군,초전,파출소,128.263538,35.9748359
경북,성주군,선남,파출소,128.3516969,35.9012607
경북,성주군,용암,파출소,128.3368387,35.835245
경북,성주군,중부,지구대,128.2914249,35.9173936
경북,청송군,진보,파출소,129.0458569,36.5288701
경북,청송군,주왕산,파출소,129.1599382,36.3569314
경북,청송군,현동,파출소,129.0189696,36.2899403
경북,청송군,안덕,파출소,128.9611158,36.2899957
경북,청송군,현서,파출소,128.897198,36.2767575
경북,청송군,청송,파출소,129.0553191,36.4296103
경북,청송군,부남,파출소,129.0637721,36.3453174
경북,영양군,입암,파출소,129.0895001,36.5912826
경북,영양군,석보,파출소,129.1247703,36.5574493
경북,영양군,수비,파출소,129.1980749,36.7663169
경북,영양군,청기,파출소,129.0624005,36.6613861
경북,영양군,영양,파출소,129.1121786,36.6631306
경북,고령군,성산,파출소,128.3599504,35.7493706
경북,고령군,다산,파출소,128.4539929,35.8258012
경북,고령군,대가야,지구대,128.2681952,35.7282662
경북,고령군,쌍림,파출소,128.2673423,35.7310713
경북,울릉군,도동,파출소,130.9049634,37.4837336
경북,울릉군,저동,파출소,130.9083173,37.4938479
경북,울릉군,서면,파출소,130.8383451,37.4677705
경북,울릉군,북면,파출소,130.8742662,37.5412885
경남,창원시,신월,지구대,128.6926822,35.2276002
경남,창원시,가음정,지구대,128.697483,35.2083636
경남,창원시,중앙,파출소,128.6764715,35.2267634
경남,창원시,반송,파출소,128.6699625,35.2354261
경남,창원시,사파,파출소,128.7087922,35.2155723
경남,창원시,신촌,파출소,128.6270428,35.2075139
경남,창원시,명곡,지구대,128.6510159,35.2443362
경남,창원시,의창,파출소,128.6276126,35.2601173
경남,창원시,팔용,파출소,128.6433843,35.2366159
경남,창원시,동읍,파출소,128.6892918,35.2787201
경남,창원시,북면,파출소,128.6028175,35.3177348
경남,창원시,대산,파출소,128.7085828,35.3366494
경남,창원시,신마산,지구대,128.5575393,35.1844531
경남,창원시,완월,파출소,128.5635209,35.1920694
경남,창원시,남성,파출소,128.5701761,35.2031888
경남,창원시,오동,파출소,128.5748287,35.2119737
경남,창원시,교방,파출소,128.5645884,35.2130314
경남,창원시,구산,파출소,128.5802058,35.1201111
경남,창원시,진동,파출소,128.4892371,35.117168
경남,창원시,진전,파출소,128.41922,35.1019347
경남,창원시,합성,지구대,128.5905381,35.2381743
경남,창원시,양덕,지구대,128.5911319,35.2215854
경남,창원시,석전,파출소,128.5751911,35.2306493
경남,창원시,산호,파출소,128.5818574,35.2180337
경남,창원시,회원,파출소,128.5644152,35.2181703
경남,창원시,삼계,파출소,128.5012974,35.2321857
경남,창원시,중리,파출소,128.5236857,35.2490195
경남,진주시,비봉,지구대,128.0806028,35.1937592
경남,진주시,상대,지구대,128.1199399,35.1803764
경남,진주시,남강,지구대,128.0720887,35.1896
경남,진주시,진양호,지구대,128.0651692,35.1738017
경남,진주시,하대,지구대,128.1162277,35.1950013
경남,진주시,개양,파출소,128.1078094,35.1567972
경남,진주시,충무공,파출소,128.1498594,35.1747272
경남,진주시,문산,파출소,128.1640735,35.1676415
경남,진주시,금산,파출소,128.1482945,35.2137521
경남,진주시,일반성,파출소,128.2777406,35.1720496
경남,진주시,지수,파출소,128.2702326,35.235392
경남,진주시,수곡,파출소,127.9375058,35.1943919
경남,진주시,대곡,파출소,128.1685503,35.2622674
경남,김해시,연지,지구대,128.8683088,35.240187
경남,김해시,신어,지구대,128.9078914,35.2467472
경남,김해시,왕릉,지구대,128.8680781,35.2628677
경남,김해시,중앙,지구대,128.8825272,35.2291323
경남,김해시,상동,파출소,128.9302718,35.3080965
경남,김해시,대동,파출소,128.9796779,35.243321
경남,김해시,생림,파출소,128.8491132,35.3264148
경남,김해시,장유,지구대,128.7960677,35.1860858
경남,김해시,율하,파출소,128.8234389,35.1696054
경남,김해시,진영,파출소,128.7314708,35.3032878
경남,김해시,한림,파출소,128.7982783,35.325445
경남,김해시,진례,파출소,128.748196,35.2483896
경남,김해시,주촌,파출소,128.841765,35.2328389
경남,김해시,칠산,파출소,128.8517023,35.2123708
경남,양산시,물금,지구대,128.9894574,35.3174877
경남,양산시,증산,파출소,128.6923639,35.2379862
경남,양산시,덕계,파출소,129.1526196,35.3760184
경남,양산시,서창,파출소,129.1728924,35.412598
경남,양산시,중앙,파출소,129.0403001,35.3459587
경남,양산시,삼성,파출소,129.0481918,35.3615832
경남,양산시,동면,파출소,129.0618495,35.3231111
경남,양산시,상북,파출소,129.0631686,35.4178771
경남,양산시,하북,파출소,129.0872363,35.4905994
경남,양산시,양주,파출소,129.0269497,35.331579
경남,양산시,소주,파출소,129.1642811,35.4140333
경남,양산시,평산,파출소,129.146282,35.3815588
경남,거제시,신현,지구대,128.630558,34.8809318
경남,거제시,옥포,지구대,128.6930008,34.895466
경남,거제시,장평,지구대,128.6042304,34.89182
경남,거제시,장승포,지구대,128.7228383,34.8643633
경남,거제시,아주,지구대,128.6897234,34.8646277
경남,거제시,연초,파출소,128.6532932,34.9117679
경남,거제시,거제,파출소,128.5887823,34.8473453
경남,거제시,동부,파출소,128.6059161,34.826311
경남,거제시,장목,파출소,128.6808812,34.987239
경남,창원시,덕산,지구대,128.7039533,35.1448396
경남,창원시,용원,지구대,128.8143657,35.1007088
경남,창원시,충무,파출소,128.6606438,35.1497168
경남,창원시,경화,파출소,128.6882141,35.1537369
경남,창원시,웅동,파출소,128.7824113,35.125591
경남,창원시,자은,파출소,128.7131973,35.1540521
경남,통영시,광도,지구대,128.4163444,34.883071
경남,통영시,북신,지구대,128.4249654,34.8598102
경남,통영시,미수,지구대,128.4119016,34.8323511
경남,통영시,중앙,지구대,128.423324,34.8403981
경남,통영시,산양,파출소,128.3882286,34.8013909
경남,통영시,욕지,파출소,128.2646207,34.6361796
경남,통영시,한산,파출소,128.5079846,34.7671714
경남,통영시,사량,파출소,128.2250681,34.8444874
경남,사천시,삼천포,지구대,128.0767028,34.9341522
경남,사천시,사천,지구대,128.0877207,35.0831654
경남,사천시,용현,파출소,128.0650848,34.97093
경남,사천시,남양,파출소,128.0646007,34.9681357
경남,사천시,사남,파출소,128.0650848,34.97093
경남,사천시,곤양,파출소,127.9603036,35.0575894
경남,사천시,서포,파출소,127.9760826,35.0085812
경남,사천시,곤명,파출소,127.9395876,35.1116137
경남,밀양시,중앙,지구대,128.7449405,35.4911971
경남,밀양시,역전,파출소,128.7702313,35.4735608
경남,밀양시,하남,파출소,128.7098639,35.3749508
경남,밀양시,삼랑진,파출소,128.8426026,35.3995529
경남,밀양시,상남,파출소,128.7579556,35.4652648
경남,밀양시,무안,파출소,128.6528987,35.4731078
경남,밀양시,부북,파출소,128.7285432,35.5122088
경남,밀양시,산외,파출소,128.8152361,35.5023341
경남,밀양시,산내,파출소,128.880044,35.5846134
경남,밀양시,단장,파출소,128.8753671,35.51473
경남,거창군,아림,지구대,127.9142309,35.687685
경남,거창군,원학,파출소,127.8336245,35.7498121
경남,거창군,가조,파출소,127.9272792,35.699898
경남,거창군,웅양,파출소,127.918752,35.8051342
경남,거창군,남상,파출소,127.9090756,35.6449206
경남,거창군,신원,파출소,127.925126,35.5679094
경남,거창군,고제,파출소,127.8719121,35.8138003
경남,합천군,중부,지구대,128.1625286,35.5698963
경남,합천군,가야,파출소,128.1386014,35.7563009
경남,합천군,대병,파출소,128.0143891,35.5217991
경남,합천군,삼가,파출소,128.1208921,35.4150146
경남,합천군,야로,파출소,128.1683501,35.7050842
경남,합천군,봉산,파출소,128.0425274,35.6274068
경남,합천군,동부,파출소,128.2649179,35.559394
경남,창녕군,영산,지구대,128.5257636,35.4596941
경남,창녕군,창녕읍,파출소,128.4990427,35.5427432
경남,창녕군,남지,파출소,128.4823167,35.3884134
경남,창녕군,부곡,파출소,128.5892581,35.4374432
경남,창녕군,대합,파출소,128.4715833,35.6145213
경남,창녕군,유어,파출소,128.4098387,35.5069521
경남,창녕군,이방,파출소,128.388099,35.5776738
경남,고성군,공룡,지구대,128.2838678,35.0268487
경남,고성군,동해,파출소,128.422673,35.0419496
경남,고성군,거류,파출소,128.4045049,34.989538
경남,고성군,회화,파출소,128.3681654,35.0567217
경남,고성군,하이,파출소,128.1223963,34.9285707
경남,고성군,상리,파출소,128.1869184,34.9994791
경남,고성군,영오,파출소,128.2373297,35.1078087
경남,하동군,화개,파출소,127.6251194,35.187581
경남,하동군,악양,파출소,127.7088181,35.1611197
경남,하동군,횡천,파출소,127.8173732,35.1095621
경남,하동군,금남,파출소,127.8601,34.9493488
경남,하동군,금성,파출소,127.7929441,34.9658309
경남,하동군,옥종,파출소,127.8790402,35.1803213
경남,하동군,읍내,파출소,127.7488313,35.0708396
경남,하동군,진교,파출소,127.9031579,35.0260783
경남,남해군,중앙,지구대,127.8971333,34.839748
경남,남해군,창선,파출소,128.0125446,34.8576673
경남,남해군,고현,파출소,127.8720481,34.8979058
경남,남해군,미조,파출소,128.0455471,34.7122663
경남,남해군,삼동,파출소,128.0003504,34.8314257
경남,남해군,남면,파출소,127.887233,34.7712168
경남,함양군,읍내,파출소,127.7307685,35.5235817
경남,함양군,안의,파출소,127.8108005,35.6290775
경남,함양군,서상,파출소,127.6857575,35.6824652
경남,함양군,수동,파출소,127.7860889,35.5223494
경남,함양군,유림,파출소,127.7915233,35.4673924
경남,함양군,백전,파출소,127.6358601,35.5522487
경남,함양군,마천,파출소,127.6642162,35.3962469
경남,산청군,경호,지구대,127.8780962,35.4148062
경남,산청군,시천,파출소,127.8380028,35.2779341
경남,산청군,단성,파출소,127.959669,35.2996338
경남,산청군,신안,파출소,127.9722904,35.3036306
경남,산청군,신등,파출소,128.0108858,35.3793069
경남,함안군,대산,파출소,128.4316317,35.3499441
경남,함안군,법수,파출소,128.3536073,35.3153941
경남,함안군,함안,파출소,128.4219945,35.2420522
경남,함안군,칠서,파출소,128.4983802,35.3334981
경남,함안군,군북,파출소,128.3473643,35.2621927
경남,함안군,가야,지구대,128.4040489,35.2769261
경남,함안군,칠원,지구대,128.51801,35.3068242
경남,의령군,중부,지구대,128.2559376,35.3188673
경남,의령군,유곡,파출소,128.3131298,35.4334002
경남,의령군,정곡,파출소,128.3263505,35.3798492
경남,의령군,지정,파출소,128.3862827,35.3827372
경남,의령군,칠곡,파출소,128.1922888,35.3408986
경남,의령군,화정,파출소,128.211365,35.2776235
경남,의령군,부림,파출소,128.3242748,35.4661633
제주,제주시,중앙,지구대,126.5239674,33.5154677
제주,제주시,남문,지구대,126.5437609,33.5000417
제주,제주시,오라,지구대,126.5158107,33.4996019
제주,제주시,삼양,지구대,126.5874221,33.5217343
제주,제주시,아라,파출소,126.5471291,33.4697614
제주,제주시,조천,파출소,126.6399873,33.5386503
제주,제주시,함덕,파출소,126.6490544,33.5392184
제주,제주시,구좌,파출소,126.856365,33.5235178
제주,제주시,추자,파출소,126.2959331,33.9640007
제주,제주시,우도,파출소,126.9524208,33.4947762
제주,제주시,연동,지구대,126.4968473,33.4885274
제주,제주시,노형,지구대,126.4720132,33.4812185
제주,제주시,하귀,파출소,126.4022767,33.4805464
제주,제주시,애월,파출소,126.3194097,33.4641061
제주,제주시,한림,파출소,126.2624693,33.4143138
제주,제주시,한경,파출소,126.1854842,33.3545314
제주,제주시,외도,파출소,126.4365234,33.4918109
제주,서귀포시,중동,지구대,126.5758421,33.2527111
제주,서귀포시,남원,파출소,126.7215107,33.2795578
제주,서귀포시,성산,파출소,126.9343159,33.4643903
제주,서귀포시,표선,파출소,126.8312964,33.3235384
제주,서귀포시,안덕,파출소,126.3343384,33.24706
제주,서귀포시,대정,파출소,126.2561799,33.2229447
제주,서귀포시,중문,파출소,126.4225918,33.2523852
제주,서귀포시,대신,파출소,126.5096695,33.2543519
제주,서귀포시,효돈,파출소,126.6171415,33.2638524
